,,@type,position,item.@type,item.additionalType,item.name,item.image,item.description,item.brand.@type,item.brand.name,item.author.@type,item.author.name,item.model,item.bodyType,item.fuelType,item.seatingCapacity,item.color,item.mainEntityOfPage,item.url,item.offers.@type,item.offers.price,item.offers.priceCurrency,item.offers.itemCondition,item.offers.availability,item.offers.seller.@type,item.offers.seller.homeLocation.@type,item.offers.seller.homeLocation.address.@type,item.offers.seller.homeLocation.address.addressLocality,item.offers.seller.homeLocation.address.addressRegion,item.offers.seller.homeLocation.address.url
Page1771,0,ListItem,1,Product,Car,2021 Porsche Cayenne 3.0 E-Hybrid 4WD SUV,['https://img5.icarcdn.com/7492108/thumb-l_new-car-one2car-porsche-cayenne-e-hybrid-suv-thailand_c9dc99ab16206b49114e1cd8d93a995f_ddd269f5_047b_405c_b537_faeef8493abb_000007492108_14292c75_8e50_4afe_a4fc_d8d0339de087.jpg?smia=xTM'],2021 porsche cayenne 3.0 e-hybrid 4wd suv,Brand,Porsche,Person,One2Car,Cayenne,SUV,Petrol - Unleaded (ULP),5,สีขาว,https://www.one2car.com/for-sale/porsche-cayenne-e-hybrid-กรุงเทพและปริมณฑล-เลียบด่วนรามอินทรา-เกษตรนวมินทร์/8012947,https://www.one2car.com/%E0%B8%A3%E0%B8%96-%E0%B8%AA%E0%B8%B3%E0%B8%AB%E0%B8%A3%E0%B8%B1%E0%B8%9A-%E0%B8%82%E0%B8%B2%E0%B8%A2?page_number=1771&page_size=26#listing_8012947,Offer,1,THB,https://schema.org/NewCondition,https://schema.org/InStock,Person,Place,PostalAddress,กรุงเทพมหานคร,กรุงเทพและปริมณฑล,https://www.one2car.com/dealer/rabbitautocraft
Page1771,1,ListItem,2,Product,Car,2021 Porsche 911 Carrera S 3.0 Coupe,['https://img3.icarcdn.com/7382108/thumb-l_new-car-one2car-porsche-911-carrera-s-coupe-thailand_c9dc99ab16206b49114e1cd8d93a995f_ddd269f5_047b_405c_b537_faeef8493abb_000007382108_45308fc4_3208_4993_bafb_1117f15b5504.jpg?smia=xTM'],2021 porsche 911 carrera s 3.0 coupe,Brand,Porsche,Person,One2Car,911 Carrera S,Coupe,Petrol - Unleaded (ULP),4,สีเหลือง,https://www.one2car.com/for-sale/porsche-911-carrera-s-กรุงเทพและปริมณฑล-เลียบด่วนรามอินทรา-เกษตรนวมินทร์/8012837,https://www.one2car.com/%E0%B8%A3%E0%B8%96-%E0%B8%AA%E0%B8%B3%E0%B8%AB%E0%B8%A3%E0%B8%B1%E0%B8%9A-%E0%B8%82%E0%B8%B2%E0%B8%A2?page_number=1771&page_size=26#listing_8012837,Offer,1,THB,https://schema.org/NewCondition,https://schema.org/InStock,Person,Place,PostalAddress,กรุงเทพมหานคร,กรุงเทพและปริมณฑล,https://www.one2car.com/dealer/rabbitautocraft
Page1771,2,ListItem,3,Product,Car,2021 Porsche 911 Turbo 3.7 992 S Coupe,['https://img5.icarcdn.com/2541108/thumb-l_new-car-one2car-porsche-911-4-targa-thailand_c9dc99ab16206b49114e9f3e10e4e171_bf75daeb_ae06_4889_a676_a34f5863e850_000002541108_955fb27d_a725_499d_b271_6fa5d1d6772c.jpg?smia=xTM'],911 turbo s  individual equipment  aventurine green metallic black leather ...,Brand,Porsche,Person,One2Car,911 Turbo,Coupe,Petrol - Unleaded (ULP),4,สีเขียว,https://www.one2car.com/for-sale/porsche-911-turbo-s-กรุงเทพและปริมณฑล-พระราม3-สาทร-พระราม4/8011452,https://www.one2car.com/%E0%B8%A3%E0%B8%96-%E0%B8%AA%E0%B8%B3%E0%B8%AB%E0%B8%A3%E0%B8%B1%E0%B8%9A-%E0%B8%82%E0%B8%B2%E0%B8%A2?page_number=1771&page_size=26#listing_8011452,Offer,23800000,THB,https://schema.org/NewCondition,https://schema.org/InStock,Person,Place,PostalAddress,กรุงเทพมหานคร,กรุงเทพและปริมณฑล,https://www.one2car.com/dealer/targetcar
Page1771,3,ListItem,4,Product,Car,2009 Chevrolet Optra 1.6 (ปี 08-13) LT Sedan AT,['https://img1.icarcdn.com/8726776/thumb-l_used-car-one2car-chevrolet-optra-lt-sedan-thailand_000008726776_81e7dd17_5deb_4a22_9f15_0f843f7c5c54.jpg?smia=xTM'],"แอร์ ,วิทยุ ,เครื่องเล่นซีดี ,เซ็นทรัลล๊อค ,กระจกไฟฟ้า ,พวงมาลัยพาวเวอร์ ...",Brand,Chevrolet,Person,One2Car,Optra,Sedan,Petrol - Unleaded (ULP),5,สีดำ,https://www.one2car.com/for-sale/chevrolet-optra-lt-กรุงเทพและปริมณฑล-ศรีนครินทร์-เทพารักษ์/6776278?auc=true,https://www.one2car.com/%E0%B8%A3%E0%B8%96-%E0%B8%AA%E0%B8%B3%E0%B8%AB%E0%B8%A3%E0%B8%B1%E0%B8%9A-%E0%B8%82%E0%B8%B2%E0%B8%A2?page_number=1771&page_size=26#listing_6776278,Offer,99000,THB,https://schema.org/UsedCondition,https://schema.org/InStock,Person,Place,PostalAddress,กรุงเทพมหานคร,กรุงเทพและปริมณฑล,https://www.one2car.com/dealer/jmotortrade
Page1771,4,ListItem,5,Product,Car,2021 Porsche Panamera 2.9 null Wagon 4WD,['https://img4.icarcdn.com/1536897/thumb-l_new-car-one2car-porsche-panamera-4-e-hybrid-sedan-thailand_c9dc99ab16206b49114e1cd8d93a995f_ddd269f5_047b_405c_b537_faeef8493abb_000001536897_16696858_e5c0_43f3_b3ff_ef41e0db816f.jpeg?smia=xTM'],Porsche panamera 4 sport turismo  สี jet black metallic   รถ sport ดุดัน ...,Brand,Porsche,Person,One2Car,Panamera,Sedan,Petrol - Unleaded (ULP),4,สีดำ,https://www.one2car.com/for-sale/porsche-panamera-4-e-hybrid-กรุงเทพและปริมณฑล-เลียบด่วนรามอินทรา-เกษตรนวมินทร์/7986351,https://www.one2car.com/%E0%B8%A3%E0%B8%96-%E0%B8%AA%E0%B8%B3%E0%B8%AB%E0%B8%A3%E0%B8%B1%E0%B8%9A-%E0%B8%82%E0%B8%B2%E0%B8%A2?page_number=1771&page_size=26#listing_7986351,Offer,1,THB,https://schema.org/NewCondition,https://schema.org/InStock,Person,Place,PostalAddress,กรุงเทพมหานคร,กรุงเทพและปริมณฑล,https://www.one2car.com/dealer/rabbitautocraft
Page1771,5,ListItem,6,Product,Car,2015 Mitsubishi Pajero Sport 2.5 (ปี 08-15) 4WD GT SUV AT,['https://img3.icarcdn.com/7376286/thumb-l_used-car-one2car-mitsubishi-pajero-sport-gt-suv-thailand_B1C87C6D8A9646B8AFA3CBED844A825E_7376286_RazkE5rP80243obXuKW4zy.JPG?smia=xTM'],"แอร์ ,วิทยุ ,เครื่องเล่นซีดี ,เซ็นทรัลล๊อค ,กระจกไฟฟ้า ,พวงมาลัยพาวเวอร์ ...",Brand,Mitsubishi,Person,One2Car,Pajero Sport,SUV,Diesel,7,สีขาว,https://www.one2car.com/for-sale/mitsubishi-pajero-sport-gt-กรุงเทพและปริมณฑล-ศรีนครินทร์-เทพารักษ์/6826737,https://www.one2car.com/%E0%B8%A3%E0%B8%96-%E0%B8%AA%E0%B8%B3%E0%B8%AB%E0%B8%A3%E0%B8%B1%E0%B8%9A-%E0%B8%82%E0%B8%B2%E0%B8%A2?page_number=1771&page_size=26#listing_6826737,Offer,659000,THB,https://schema.org/UsedCondition,https://schema.org/InStock,Person,Place,PostalAddress,กรุงเทพมหานคร,กรุงเทพและปริมณฑล,https://www.one2car.com/dealer/JAXX-O2C
Page1771,6,ListItem,7,Product,Car,2021 Porsche 911 3.0 992 4S 4WD Targa,['https://img1.icarcdn.com/4636897/thumb-l_new-car-one2car-in-process-thailand_c9dc99ab16206b49114e1cd8d93a995f_ddd269f5_047b_405c_b537_faeef8493abb_000004636897_4d051d29_d270_4624_9d56_225955dbd5d8.jpeg?smia=xTM'],2021 porsche 911 targa 4s สี python green รถ sport เปิดหลังคา  .  📍contact us ...,Brand,Porsche,Person,One2Car,911,Targa,Petrol - Unleaded (ULP),4,สีเขียว,https://www.one2car.com/for-sale/porsche-911-4s-กรุงเทพและปริมณฑล-เลียบด่วนรามอินทรา-เกษตรนวมินทร์/7986364,https://www.one2car.com/%E0%B8%A3%E0%B8%96-%E0%B8%AA%E0%B8%B3%E0%B8%AB%E0%B8%A3%E0%B8%B1%E0%B8%9A-%E0%B8%82%E0%B8%B2%E0%B8%A2?page_number=1771&page_size=26#listing_7986364,Offer,1,THB,https://schema.org/NewCondition,https://schema.org/InStock,Person,Place,PostalAddress,กรุงเทพมหานคร,กรุงเทพและปริมณฑล,https://www.one2car.com/dealer/rabbitautocraft
Page1771,7,ListItem,8,Product,Car,2021 Porsche Cayenne 3.0 E-Hybrid 4WD SUV,['https://img5.icarcdn.com/0636897/thumb-l_new-car-one2car-porsche-cayenne-e-hybrid-suv-thailand_c9dc99ab16206b49114e1cd8d93a995f_ddd269f5_047b_405c_b537_faeef8493abb_000000636897_76d718f3_f22c_41f5_bcb9_b0878e7e0278.jpeg?smia=xTM'],2021 porsche cayenne e-hybrid  the new cayenne e-hybrid   sport suv ยอดนิยม    ...,Brand,Porsche,Person,One2Car,Cayenne,SUV,Petrol - Unleaded (ULP),5,สีแดง,https://www.one2car.com/for-sale/porsche-cayenne-e-hybrid-กรุงเทพและปริมณฑล-เลียบด่วนรามอินทรา-เกษตรนวมินทร์/7986360,https://www.one2car.com/%E0%B8%A3%E0%B8%96-%E0%B8%AA%E0%B8%B3%E0%B8%AB%E0%B8%A3%E0%B8%B1%E0%B8%9A-%E0%B8%82%E0%B8%B2%E0%B8%A2?page_number=1771&page_size=26#listing_7986360,Offer,1,THB,https://schema.org/NewCondition,https://schema.org/InStock,Person,Place,PostalAddress,กรุงเทพมหานคร,กรุงเทพและปริมณฑล,https://www.one2car.com/dealer/rabbitautocraft
Page1771,8,ListItem,9,Product,Car,2021 Porsche Cayenne 3.0 E-Hybrid 4WD SUV,['https://img3.icarcdn.com/8536897/thumb-l_new-car-one2car-porsche-cayenne-e-hybrid-suv-thailand_c9dc99ab16206b49114e1cd8d93a995f_ddd269f5_047b_405c_b537_faeef8493abb_000008536897_af35475f_04d8_4c19_acc2_2bd66ee4ac28.jpeg?smia=xTM'],2021 porsche cayenne e-hybrid  the new cayenne e-hybrid   sport suv ยอดนิยม    ...,Brand,Porsche,Person,One2Car,Cayenne,SUV,Petrol - Unleaded (ULP),5,สีดำ,https://www.one2car.com/for-sale/porsche-cayenne-e-hybrid-กรุงเทพและปริมณฑล-เลียบด่วนรามอินทรา-เกษตรนวมินทร์/7986358,https://www.one2car.com/%E0%B8%A3%E0%B8%96-%E0%B8%AA%E0%B8%B3%E0%B8%AB%E0%B8%A3%E0%B8%B1%E0%B8%9A-%E0%B8%82%E0%B8%B2%E0%B8%A2?page_number=1771&page_size=26#listing_7986358,Offer,1,THB,https://schema.org/NewCondition,https://schema.org/InStock,Person,Place,PostalAddress,กรุงเทพมหานคร,กรุงเทพและปริมณฑล,https://www.one2car.com/dealer/rabbitautocraft
Page1771,9,ListItem,10,Product,Car,2008 Ferrari F430 4.3 (ปี 04-10) Coupe AT,['https://img2.icarcdn.com/7432807/thumb-l_used-car-one2car-ferrari-f430-coupe-thailand_7432807_JtHx7AKTABPT0aLUIJEbIf.jpg?smia=xTM'],2008 ferrari f430 4.3 coupe at    สี แดง rosso corsa    ภายใน เบจ    carbon ...,Brand,Ferrari,Person,One2Car,F430,Coupe,Petrol - Unleaded (ULP),2,สีแดง,https://www.one2car.com/for-sale/ferrari-f430-กรุงเทพและปริมณฑล-เลียบด่วนรามอินทรา-เกษตรนวมินทร์/7082347,https://www.one2car.com/%E0%B8%A3%E0%B8%96-%E0%B8%AA%E0%B8%B3%E0%B8%AB%E0%B8%A3%E0%B8%B1%E0%B8%9A-%E0%B8%82%E0%B8%B2%E0%B8%A2?page_number=1771&page_size=26#listing_7082347,Offer,1,THB,https://schema.org/UsedCondition,https://schema.org/InStock,Person,Place,PostalAddress,กรุงเทพมหานคร,กรุงเทพและปริมณฑล,https://www.one2car.com/dealer/multicars
Page1771,10,ListItem,11,Product,Car,1987 Rolls-Royce Corniche II 6.8 (ปี 86-89) V8 Convertible,['https://img2.icarcdn.com/1030897/thumb-l_used-car-one2car-rolls-royce-corniche-ii-v8-convertible-thailand_c9dc99ab16206b49114e2c51de58bd8a_5ea2208f_b725_4f0e_8167_e2c32c69a8a9_000001030897_cd4f27d6_6703_4e1f_9725_6e2e8d2bcafc.jpg?smia=xTM'],รถบ้าน ฝากขาย 2 ประตู คลาสสิคมาก สภาพสวยพร้อมใช้งาน หายากแล้วครับ,Brand,Rolls-Royce,Person,One2Car,Corniche II,Convertible,Petrol - Unleaded (ULP),4,สีน้ำเงิน,https://www.one2car.com/for-sale/rolls-royce-corniche-ii-v8-กรุงเทพและปริมณฑล-เลียบด่วนรามอินทรา-เกษตรนวมินทร์/7980301,https://www.one2car.com/%E0%B8%A3%E0%B8%96-%E0%B8%AA%E0%B8%B3%E0%B8%AB%E0%B8%A3%E0%B8%B1%E0%B8%9A-%E0%B8%82%E0%B8%B2%E0%B8%A2?page_number=1771&page_size=26#listing_7980301,Offer,7500000,THB,https://schema.org/UsedCondition,https://schema.org/InStock,Person,Place,PostalAddress,กรุงเทพมหานคร,กรุงเทพและปริมณฑล,https://www.one2car.com/dealer/22AutoTrade
Page1771,11,ListItem,12,Product,Car,2013 Subaru XV 2.0 (ปี 12-16) XV 4WD SUV,['https://img3.icarcdn.com/2892797/thumb-l_used-car-one2car-subaru-xv-xv-suv-thailand_c9dc99ab16206b49114e2c814cd928de_zZ9mEQ9hvSwp8SKCQBRxSY_000002892797_0bbbabff_aa12_494d_a33c_12d82e493803.jpg?smia=xTM'],2013 subaru xv 2.0i 4wd navi cvt โฉม xv  🎉 ดอกเบี้ยพิเศษ เริ่มต้น 2.79%🎉  .  💸 ...,Brand,Subaru,Person,One2Car,XV,SUV,Petrol - Unleaded (ULP),5,สีเทา,https://www.one2car.com/for-sale/subaru-xv-xv-กรุงเทพและปริมณฑล-มีนบุรี/7972982?auc=true,https://www.one2car.com/%E0%B8%A3%E0%B8%96-%E0%B8%AA%E0%B8%B3%E0%B8%AB%E0%B8%A3%E0%B8%B1%E0%B8%9A-%E0%B8%82%E0%B8%B2%E0%B8%A2?page_number=1771&page_size=26#listing_7972982,Offer,488000,THB,https://schema.org/UsedCondition,https://schema.org/InStock,Person,Place,PostalAddress,กรุงเทพมหานคร,กรุงเทพและปริมณฑล,https://www.one2car.com/dealer/benz88auto
Page1771,12,ListItem,13,Product,Car,1991 Oldsmobile CUSTOM CRUISER 5.0 Wagon AT,['https://img5.icarcdn.com/9597106/thumb-l_used-car-one2car-in-process-thailand_8EFC02D0595B45C09F9E6539D0D35218_9597106_ST6SEANpQBT6tKz4YoOHKM.JPG?smia=xTM'],-option -  แอร์ cd usb aux กระจกไฟฟ้า เซ็นทรัลล็อค กระจกมองข้างปรับไฟฟ้า ...,Brand,Oldsmobile,Person,One2Car,Custom Cruiser,Wagon,Petrol - Unleaded (ULP),5,สีขาว,https://www.one2car.com/for-sale/oldsmobile-custom-cruiser-กรุงเทพและปริมณฑล-รัชดาฯ-ห้วยขวาง-ลาดพร้าว-เพชรบุรีตัดใหม่/6017959,https://www.one2car.com/%E0%B8%A3%E0%B8%96-%E0%B8%AA%E0%B8%B3%E0%B8%AB%E0%B8%A3%E0%B8%B1%E0%B8%9A-%E0%B8%82%E0%B8%B2%E0%B8%A2?page_number=1771&page_size=26#listing_6017959,Offer,1,THB,https://schema.org/UsedCondition,https://schema.org/InStock,Person,Place,PostalAddress,กรุงเทพมหานคร,กรุงเทพและปริมณฑล,https://www.one2car.com/dealer/AOOD1999
Page1771,13,ListItem,14,Product,Car,2021 Porsche Cayenne 3.0 (ปี 18-25) E-Hybrid Coupé 4WD SUV,['https://img4.icarcdn.com/0116597/thumb-l_new-car-one2car-porsche-cayenne-e-hybrid-coup%C3%A9-suv-thailand_c9dc99ab16206b49114e1cc8e24a2a04_4e38cddf_3c1e_43f3_8f99_d523247c01e8_000000116597_1012411d_3e1a_4929_8c29_c708e1234dbb.jpg?smia=xTM'],"""option"" แอร์หน้า , เครื่องเล่น วิทยุ cd mp3 usb , กระจกมองข้างปรับไฟฟ้า , จอ ...",Brand,Porsche,Person,One2Car,Cayenne,SUV,Petrol - Unleaded (ULP),5,สีเทา,https://www.one2car.com/for-sale/porsche-cayenne-e-hybrid-coupé-กรุงเทพและปริมณฑล-เลียบด่วนรามอินทรา-เกษตรนวมินทร์/7956110,https://www.one2car.com/%E0%B8%A3%E0%B8%96-%E0%B8%AA%E0%B8%B3%E0%B8%AB%E0%B8%A3%E0%B8%B1%E0%B8%9A-%E0%B8%82%E0%B8%B2%E0%B8%A2?page_number=1771&page_size=26#listing_7956110,Offer,1,THB,https://schema.org/NewCondition,https://schema.org/InStock,Person,Place,PostalAddress,กรุงเทพมหานคร,กรุงเทพและปริมณฑล,https://www.one2car.com/dealer/SMOOTHCAR
Page1771,14,ListItem,15,Product,Car,2004 Mazda RX-8 1.3 (ปี 03-08) Coupe MT,['https://img5.icarcdn.com/2566746/thumb-l_used-car-one2car-mazda-rx-8-coupe-thailand_8EFC02D0595B45C09F9E6539D0D35218_000002566746_12c1fd75_e0ec_4374_b0e6_86324456ccde.JPG?smia=xTM'],"- 2004 mazda rx-8 (ปี 03-08) 1.3 mt coupe    ""option"" - แอร์หน้า , เครื่องเล่น ...",Brand,Mazda,Person,One2Car,RX-8,Coupe,Petrol - Unleaded (ULP),4,สีขาว,https://www.one2car.com/for-sale/mazda-rx-8-กรุงเทพและปริมณฑล-รัชดาฯ-ห้วยขวาง-ลาดพร้าว-เพชรบุรีตัดใหม่/6476652,https://www.one2car.com/%E0%B8%A3%E0%B8%96-%E0%B8%AA%E0%B8%B3%E0%B8%AB%E0%B8%A3%E0%B8%B1%E0%B8%9A-%E0%B8%82%E0%B8%B2%E0%B8%A2?page_number=1771&page_size=26#listing_6476652,Offer,1,THB,https://schema.org/UsedCondition,https://schema.org/InStock,Person,Place,PostalAddress,กรุงเทพมหานคร,กรุงเทพและปริมณฑล,https://www.one2car.com/dealer/AOOD1999
Page1771,15,ListItem,16,Product,Car,1996 Lotus Elan 1.6 (ปี 89-95) Convertible AT,['https://img1.icarcdn.com/5024356/thumb-l_used-car-one2car-lotus-elan-convertible-thailand_8EFC02D0595B45C09F9E6539D0D35218_5024356_UWruODMY94kkuWHsQebep6.JPG?smia=xTM'],"""option"" แอร์หน้า , เครื่องเล่น วิทยุ cd mp3 usb , กระจกมองข้างปรับไฟฟ้า , จอ ...",Brand,Lotus,Person,One2Car,Elan,Convertible,Petrol - Unleaded (ULP),2,สีเหลือง,https://www.one2car.com/for-sale/lotus-elan-กรุงเทพและปริมณฑล-รัชดาฯ-ห้วยขวาง-ลาดพร้าว-เพชรบุรีตัดใหม่/6534205,https://www.one2car.com/%E0%B8%A3%E0%B8%96-%E0%B8%AA%E0%B8%B3%E0%B8%AB%E0%B8%A3%E0%B8%B1%E0%B8%9A-%E0%B8%82%E0%B8%B2%E0%B8%A2?page_number=1771&page_size=26#listing_6534205,Offer,1,THB,https://schema.org/UsedCondition,https://schema.org/InStock,Person,Place,PostalAddress,กรุงเทพมหานคร,กรุงเทพและปริมณฑล,https://www.one2car.com/dealer/AOOD1999
Page1771,16,ListItem,17,Product,Car,2018 Nissan Note 1.2 (ปี 17-21) VL Hatchback,['https://img4.icarcdn.com/6815857/thumb-l_used-car-one2car-nissan-note-vl-hatchback-thailand_1f3c5c97e45b2ce975546af0b12a7c7c_d71551b3_3473_4a18_b95f_8dcb0001386e_000006815857_3dea4f30_0c5c_4e64_ab36_31ad204cf23d.jpg?smia=xTM'],"ไมล์แท้! 20,xxx km รถสวย มือเดียว สภาพป้ายแดง ชนหนักหรือจมน้ำ ยินดีรับซื้อรถคืน ...",Brand,Nissan,Person,One2Car,Note,Hatchback,Petrol - Unleaded (ULP),5,สีแดง,https://www.one2car.com/for-sale/nissan-note-vl-กรุงเทพและปริมณฑล-อ่อนนุช/7585186,https://www.one2car.com/%E0%B8%A3%E0%B8%96-%E0%B8%AA%E0%B8%B3%E0%B8%AB%E0%B8%A3%E0%B8%B1%E0%B8%9A-%E0%B8%82%E0%B8%B2%E0%B8%A2?page_number=1771&page_size=26#listing_7585186,Offer,379000,THB,https://schema.org/UsedCondition,https://schema.org/InStock,Person,Place,PostalAddress,กรุงเทพมหานคร,กรุงเทพและปริมณฑล,https://www.one2car.com/dealer/c7c7a21b-0fa6-4557-9ec2-b54e79c5c3f1
Page1771,17,ListItem,18,Product,Car,2015 Suzuki Celerio 1.0 (ปี 14-17) GLX Hatchback,['https://img4.icarcdn.com/4440097/thumb-l_used-car-one2car-suzuki-celerio-glx-hatchback-thailand_B1C87C6D8A9646B8AFA3CBED844A825E_000004440097_86b515b8_8a06_419f_86ef_a239cd494769.JPG?smia=xTM'],"แอร์ ,วิทยุ ,เครื่องเล่นซีดี ,เซ็นทรัลล๊อค ,กระจกไฟฟ้า ,พวงมาลัยพาวเวอร์ ...",Brand,Suzuki,Person,One2Car,Celerio,Hatchback,Petrol - Unleaded (ULP),5,สีน้ำเงิน,https://www.one2car.com/for-sale/suzuki-celerio-glx-กรุงเทพและปริมณฑล-ศรีนครินทร์-เทพารักษ์/7900444,https://www.one2car.com/%E0%B8%A3%E0%B8%96-%E0%B8%AA%E0%B8%B3%E0%B8%AB%E0%B8%A3%E0%B8%B1%E0%B8%9A-%E0%B8%82%E0%B8%B2%E0%B8%A2?page_number=1771&page_size=26#listing_7900444,Offer,259000,THB,https://schema.org/UsedCondition,https://schema.org/InStock,Person,Place,PostalAddress,กรุงเทพมหานคร,กรุงเทพและปริมณฑล,https://www.one2car.com/dealer/JAXX-O2C
Page1771,18,ListItem,19,Product,Car,2018 Mitsubishi Triton 2.4 MEGA CAB (ปี 14-19) GLS-Limited Plus Pickup,['https://img3.icarcdn.com/3644887/thumb-l_used-car-one2car-mitsubishi-triton-gls-limited-plus-pickup-thailand_B1C87C6D8A9646B8AFA3CBED844A825E_000003644887_65c97abd_af88_4b87_86cf_046522dc8dd0.JPG?smia=xTM'],"แอร์ ,วิทยุ ,เครื่องเล่นซีดี ,เซ็นทรัลล๊อค ,กระจกไฟฟ้า ,พวงมาลัยพาวเวอร์ ...",Brand,Mitsubishi,Person,One2Car,Triton,Pickup,Diesel,2,สีขาว,https://www.one2car.com/for-sale/mitsubishi-triton-gls-limited-plus-กรุงเทพและปริมณฑล-ศรีนครินทร์-เทพารักษ์/7884463,https://www.one2car.com/%E0%B8%A3%E0%B8%96-%E0%B8%AA%E0%B8%B3%E0%B8%AB%E0%B8%A3%E0%B8%B1%E0%B8%9A-%E0%B8%82%E0%B8%B2%E0%B8%A2?page_number=1771&page_size=26#listing_7884463,Offer,499000,THB,https://schema.org/UsedCondition,https://schema.org/InStock,Person,Place,PostalAddress,กรุงเทพมหานคร,กรุงเทพและปริมณฑล,https://www.one2car.com/dealer/JAXX-O2C
Page1771,19,ListItem,20,Product,Car,2012 Toyota Camry 2.0 (ปี 06-12) G Sedan,['https://img3.icarcdn.com/7444887/thumb-l_used-car-one2car-toyota-camry-g-sedan-thailand_B1C87C6D8A9646B8AFA3CBED844A825E_000007444887_5e1aee99_6f57_44a1_b68a_93c0371eddfc.JPG?smia=xTM'],"แอร์ ,วิทยุ ,เครื่องเล่นซีดี ,เซ็นทรัลล๊อค ,กระจกไฟฟ้า ,พวงมาลัยพาวเวอร์ ...",Brand,Toyota,Person,One2Car,Camry,Sedan,Petrol - Unleaded (ULP),5,สีเทา,https://www.one2car.com/for-sale/toyota-camry-g-กรุงเทพและปริมณฑล-ศรีนครินทร์-เทพารักษ์/7884447,https://www.one2car.com/%E0%B8%A3%E0%B8%96-%E0%B8%AA%E0%B8%B3%E0%B8%AB%E0%B8%A3%E0%B8%B1%E0%B8%9A-%E0%B8%82%E0%B8%B2%E0%B8%A2?page_number=1771&page_size=26#listing_7884447,Offer,399000,THB,https://schema.org/UsedCondition,https://schema.org/InStock,Person,Place,PostalAddress,กรุงเทพมหานคร,กรุงเทพและปริมณฑล,https://www.one2car.com/dealer/JAXX-O2C
Page1771,20,ListItem,21,Product,Car,2017 Toyota Corolla Altis 1.8 (ปี 14-18) ESPORT Sedan,['https://img3.icarcdn.com/2152587/thumb-l_used-car-one2car-toyota-corolla-altis-esport-sedan-thailand_000002152587_cf307c3b_359c_4d33_8fc8_d58465027794.jpg?smia=xTM'],"2017 toyota corolla, altis 1.8 e sport โฉม altis ปี14-ปัจจุบัน  สีดำ ...",Brand,Toyota,Person,One2Car,Corolla Altis,Sedan,Petrol - Unleaded (ULP),5,สีดำ,https://www.one2car.com/for-sale/toyota-corolla-altis-esport-กรุงเทพและปริมณฑล-พระราม3-สาทร-พระราม4/7852512,https://www.one2car.com/%E0%B8%A3%E0%B8%96-%E0%B8%AA%E0%B8%B3%E0%B8%AB%E0%B8%A3%E0%B8%B1%E0%B8%9A-%E0%B8%82%E0%B8%B2%E0%B8%A2?page_number=1771&page_size=26#listing_7852512,Offer,675000,THB,https://schema.org/UsedCondition,https://schema.org/InStock,Person,Place,PostalAddress,กรุงเทพมหานคร,กรุงเทพและปริมณฑล,https://www.one2car.com/dealer/taxisale
Page1771,21,ListItem,22,Product,Car,2018 Suzuki Celerio 1.0 (ปี 14-17) GLX Hatchback,['https://img1.icarcdn.com/3990267/thumb-l_used-car-one2car-suzuki-celerio-glx-hatchback-thailand_000003990267_e99aa588_4ebc_4383_83e5_9889e15d9d17.jpg?smia=xTM'],"แอร์ ,วิทยุ ,เครื่องเล่นซีดี ,เซ็นทรัลล๊อค ,กระจกไฟฟ้า ,พวงมาลัยพาวเวอร์ ...",Brand,Suzuki,Person,One2Car,Celerio,Hatchback,Petrol - Unleaded (ULP),5,สีขาว,https://www.one2car.com/for-sale/suzuki-celerio-glx-กรุงเทพและปริมณฑล-ศรีนครินทร์-เทพารักษ์/7620993?auc=true,https://www.one2car.com/%E0%B8%A3%E0%B8%96-%E0%B8%AA%E0%B8%B3%E0%B8%AB%E0%B8%A3%E0%B8%B1%E0%B8%9A-%E0%B8%82%E0%B8%B2%E0%B8%A2?page_number=1771&page_size=26#listing_7620993,Offer,299000,THB,https://schema.org/UsedCondition,https://schema.org/InStock,Person,Place,PostalAddress,กรุงเทพมหานคร,กรุงเทพและปริมณฑล,https://www.one2car.com/dealer/jmotortrade
Page1771,22,ListItem,23,Product,Car,2016 Suzuki Celerio 1.0 (ปี 14-17) GLX Hatchback,['https://img1.icarcdn.com/5211047/thumb-l_used-car-one2car-suzuki-celerio-glx-hatchback-thailand_000005211047_9a32e640_f4ed_4975_9b6e_2ff654730105.jpg?smia=xTM'],?? ฟรีดาวน์ ฟรีทุกค่าใช้จ่าย ??ทุกคนมีสิทธิ์ ไม่ต้องยืนยันตัวตน ...,Brand,Suzuki,Person,One2Car,Celerio,Hatchback,Petrol - Unleaded (ULP),5,สีเทา,https://www.one2car.com/for-sale/suzuki-celerio-glx-กรุงเทพและปริมณฑล-ศรีนครินทร์-เทพารักษ์/7401125?auc=true,https://www.one2car.com/%E0%B8%A3%E0%B8%96-%E0%B8%AA%E0%B8%B3%E0%B8%AB%E0%B8%A3%E0%B8%B1%E0%B8%9A-%E0%B8%82%E0%B8%B2%E0%B8%A2?page_number=1771&page_size=26#listing_7401125,Offer,279000,THB,https://schema.org/UsedCondition,https://schema.org/InStock,Person,Place,PostalAddress,กรุงเทพมหานคร,กรุงเทพและปริมณฑล,https://www.one2car.com/dealer/jmotortrade
Page1771,23,ListItem,24,Product,Car,2016 Hyundai H-1 2.5 (ปี 08-17) Elite Van,['https://img2.icarcdn.com/8645277/thumb-l_used-car-one2car-hyundai-h-1-elite-van-thailand_B1C87C6D8A9646B8AFA3CBED844A825E_000008645277_e00ab710_3954_4572_9245_b31a447505fc.JPG?smia=xTM'],"แอร์ ,วิทยุ ,เครื่องเล่นซีดี ,เซ็นทรัลล๊อค ,กระจกไฟฟ้า ,พวงมาลัยพาวเวอร์ ...",Brand,Hyundai,Person,One2Car,H-1,Van,Diesel,12,สีดำ,https://www.one2car.com/for-sale/hyundai-h-1-elite-กรุงเทพและปริมณฑล-ศรีนครินทร์-เทพารักษ์/7725468,https://www.one2car.com/%E0%B8%A3%E0%B8%96-%E0%B8%AA%E0%B8%B3%E0%B8%AB%E0%B8%A3%E0%B8%B1%E0%B8%9A-%E0%B8%82%E0%B8%B2%E0%B8%A2?page_number=1771&page_size=26#listing_7725468,Offer,899000,THB,https://schema.org/UsedCondition,https://schema.org/InStock,Person,Place,PostalAddress,กรุงเทพมหานคร,กรุงเทพและปริมณฑล,https://www.one2car.com/dealer/JAXX-O2C
Page1771,24,ListItem,25,Product,Car,2017 Honda Civic 1.5 FC (ปี 16-20) Turbo RS Sedan,['https://img1.icarcdn.com/7465817/thumb-l_used-car-one2car-honda-civic-turbo-rs-sedan-thailand_B1C87C6D8A9646B8AFA3CBED844A825E_7465817_BjLcAWQOdULrqDWA2IBKHa.jpg?smia=xTM'],"แอร์ ,วิทยุ ,เครื่องเล่นซีดี ,เซ็นทรัลล๊อค ,กระจกไฟฟ้า ,พวงมาลัยพาวเวอร์ ...",Brand,Honda,Person,One2Car,Civic,Sedan,Petrol - Unleaded (ULP),5,สีขาว,https://www.one2car.com/for-sale/honda-civic-turbo-rs-กรุงเทพและปริมณฑล-ศรีนครินทร์-เทพารักษ์/7185647,https://www.one2car.com/%E0%B8%A3%E0%B8%96-%E0%B8%AA%E0%B8%B3%E0%B8%AB%E0%B8%A3%E0%B8%B1%E0%B8%9A-%E0%B8%82%E0%B8%B2%E0%B8%A2?page_number=1771&page_size=26#listing_7185647,Offer,899000,THB,https://schema.org/UsedCondition,https://schema.org/InStock,Person,Place,PostalAddress,กรุงเทพมหานคร,กรุงเทพและปริมณฑล,https://www.one2car.com/dealer/JAXX-O2C
Page1771,25,ListItem,26,Product,Car,2018 Mazda CX-5 2.0 (ปี 17-20) SP SUV AT,['https://img4.icarcdn.com/4206396/thumb-l_used-car-one2car-mazda-cx-5-sp-suv-thailand_4206396_QHsnexB8CptG5154gyntzj.JPG?smia=xTM'],"แอร์ ,วิทยุ ,เครื่องเล่นซีดี ,เซ็นทรัลล๊อค ,กระจกไฟฟ้า ,พวงมาลัยพาวเวอร์ ...",Brand,Mazda,Person,One2Car,CX-5,SUV,Petrol - Unleaded (ULP),5,สีน้ำเงิน,https://www.one2car.com/for-sale/mazda-cx-5-sp-กรุงเทพและปริมณฑล-ศรีนครินทร์-เทพารักษ์/6936024?auc=true,https://www.one2car.com/%E0%B8%A3%E0%B8%96-%E0%B8%AA%E0%B8%B3%E0%B8%AB%E0%B8%A3%E0%B8%B1%E0%B8%9A-%E0%B8%82%E0%B8%B2%E0%B8%A2?page_number=1771&page_size=26#listing_6936024,Offer,859000,THB,https://schema.org/UsedCondition,https://schema.org/InStock,Person,Place,PostalAddress,กรุงเทพมหานคร,กรุงเทพและปริมณฑล,https://www.one2car.com/dealer/jmotortrade
Page1772,0,ListItem,1,Product,Car,2018 Suzuki Ciaz 1.2 (ปี 15-18) GLX Sedan,['https://img3.icarcdn.com/7385857/thumb-l_used-car-one2car-suzuki-ciaz-glx-sedan-thailand_1f3c5c97e45b2ce975546af0b12a7c7c_d71551b3_3473_4a18_b95f_8dcb0001386e_000007385857_ad96513c_17d6_4017_9de6_fc2a2d15a745.jpg?smia=xTM'],"ไมล์แท้!!! 27,xxx km ปุ่มกดสตาร์ท ชนหนักหรือจมน้ำ ยินดีรับซื้อรถคืน ...",Brand,Suzuki,Person,One2Car,Ciaz,Sedan,Petrol - Unleaded (ULP),5,สีดำ,https://www.one2car.com/for-sale/suzuki-ciaz-glx-กรุงเทพและปริมณฑล-อ่อนนุช/7585837,https://www.one2car.com/%E0%B8%A3%E0%B8%96-%E0%B8%AA%E0%B8%B3%E0%B8%AB%E0%B8%A3%E0%B8%B1%E0%B8%9A-%E0%B8%82%E0%B8%B2%E0%B8%A2?page_number=1772&page_size=26#listing_7585837,Offer,329000,THB,https://schema.org/UsedCondition,https://schema.org/InStock,Person,Place,PostalAddress,กรุงเทพมหานคร,กรุงเทพและปริมณฑล,https://www.one2car.com/dealer/c7c7a21b-0fa6-4557-9ec2-b54e79c5c3f1
Page1772,1,ListItem,2,Product,Car,2021 Toyota Harrier 2.5 (ปี 21-28) HV Z 4WD SUV,['https://img3.icarcdn.com/7499347/thumb-l_new-car-one2car-toyota-harrier-hybrid-wagon-thailand_c9dc99ab16206b49114e1cc8e24a2a04_4e38cddf_3c1e_43f3_8f99_d523247c01e8_000007499347_660676aa_ba64_4f1e_a352_88ab66d6ffe9.jpg?smia=xTM'],"""option"" แอร์หน้า , เครื่องเล่น วิทยุ cd mp3 usb , กระจกมองข้างปรับไฟฟ้า , จอ ...",Brand,Toyota,Person,One2Car,Harrier,SUV,Petrol - Unleaded (ULP),5,สีเทา,https://www.one2car.com/for-sale/toyota-harrier-hv-z-กรุงเทพและปริมณฑล-เลียบด่วนรามอินทรา-เกษตรนวมินทร์/7439947,https://www.one2car.com/%E0%B8%A3%E0%B8%96-%E0%B8%AA%E0%B8%B3%E0%B8%AB%E0%B8%A3%E0%B8%B1%E0%B8%9A-%E0%B8%82%E0%B8%B2%E0%B8%A2?page_number=1772&page_size=26#listing_7439947,Offer,1,THB,https://schema.org/NewCondition,https://schema.org/InStock,Person,Place,PostalAddress,กรุงเทพมหานคร,กรุงเทพและปริมณฑล,https://www.one2car.com/dealer/SMOOTHCAR
Page1772,2,ListItem,3,Product,Car,2021 Toyota Harrier 2.5 (ปี 21-28) HV Z 4WD SUV,['https://img3.icarcdn.com/8699347/thumb-l_new-car-one2car-toyota-harrier-hybrid-wagon-thailand_c9dc99ab16206b49114e1cc8e24a2a04_4e38cddf_3c1e_43f3_8f99_d523247c01e8_000008699347_96933d66_9249_4a50_8da1_6aae2592eaf0.jpg?smia=xTM'],"""option"" แอร์หน้า , เครื่องเล่น วิทยุ cd mp3 usb , กระจกมองข้างปรับไฟฟ้า , จอ ...",Brand,Toyota,Person,One2Car,Harrier,SUV,Petrol - Unleaded (ULP),5,สีเทา,https://www.one2car.com/for-sale/toyota-harrier-hv-z-กรุงเทพและปริมณฑล-เลียบด่วนรามอินทรา-เกษตรนวมินทร์/7439968,https://www.one2car.com/%E0%B8%A3%E0%B8%96-%E0%B8%AA%E0%B8%B3%E0%B8%AB%E0%B8%A3%E0%B8%B1%E0%B8%9A-%E0%B8%82%E0%B8%B2%E0%B8%A2?page_number=1772&page_size=26#listing_7439968,Offer,1,THB,https://schema.org/NewCondition,https://schema.org/InStock,Person,Place,PostalAddress,กรุงเทพมหานคร,กรุงเทพและปริมณฑล,https://www.one2car.com/dealer/SMOOTHCAR
Page1772,3,ListItem,4,Product,Car,2019 Suzuki Ciaz 1.2 (ปี 15-18) GL Sedan,['https://img4.icarcdn.com/4266857/thumb-l_used-car-one2car-suzuki-ciaz-gl-sedan-thailand_1f3c5c97e45b2ce975546af0b12a7c7c_d71551b3_3473_4a18_b95f_8dcb0001386e_000004266857_be511594_dd5c_4e40_a4d9_e768b8677f17.jpg?smia=xTM'],"ไมล์แท้! 13,xxx km ชนหนักหรือจมน้ำ ยินดีรับซื้อรถคืน เข้าศูนย์ก่อนซื้อได้ทุกคัน ...",Brand,Suzuki,Person,One2Car,Ciaz,Sedan,Petrol - Unleaded (ULP),5,สีขาว,https://www.one2car.com/for-sale/suzuki-ciaz-gl-กรุงเทพและปริมณฑล-อ่อนนุช/7586624,https://www.one2car.com/%E0%B8%A3%E0%B8%96-%E0%B8%AA%E0%B8%B3%E0%B8%AB%E0%B8%A3%E0%B8%B1%E0%B8%9A-%E0%B8%82%E0%B8%B2%E0%B8%A2?page_number=1772&page_size=26#listing_7586624,Offer,329000,THB,https://schema.org/UsedCondition,https://schema.org/InStock,Person,Place,PostalAddress,กรุงเทพมหานคร,กรุงเทพและปริมณฑล,https://www.one2car.com/dealer/c7c7a21b-0fa6-4557-9ec2-b54e79c5c3f1
Page1772,4,ListItem,5,Product,Car,2018 Suzuki Ciaz 1.2 (ปี 15-18) GL Sedan,['https://img4.icarcdn.com/1156857/thumb-l_used-car-one2car-suzuki-ciaz-gl-sedan-thailand_1f3c5c97e45b2ce975546af0b12a7c7c_d71551b3_3473_4a18_b95f_8dcb0001386e_000001156857_5838951a_aa59_40f8_a34d_d0fd7da2131f.jpg?smia=xTM'],"- ไมล์แท้! 14,xxx km ชนหนักหรือจมน้ำ ยินดีรับซื้อรถคืน ...",Brand,Suzuki,Person,One2Car,Ciaz,Sedan,Petrol - Unleaded (ULP),5,สีเทา,https://www.one2car.com/for-sale/suzuki-ciaz-gl-กรุงเทพและปริมณฑล-อ่อนนุช/7586511,https://www.one2car.com/%E0%B8%A3%E0%B8%96-%E0%B8%AA%E0%B8%B3%E0%B8%AB%E0%B8%A3%E0%B8%B1%E0%B8%9A-%E0%B8%82%E0%B8%B2%E0%B8%A2?page_number=1772&page_size=26#listing_7586511,Offer,299000,THB,https://schema.org/UsedCondition,https://schema.org/InStock,Person,Place,PostalAddress,กรุงเทพมหานคร,กรุงเทพและปริมณฑล,https://www.one2car.com/dealer/c7c7a21b-0fa6-4557-9ec2-b54e79c5c3f1
Page1772,5,ListItem,6,Product,Car,2018 Suzuki Ciaz 1.2 (ปี 15-18) GL Sedan,['https://img4.icarcdn.com/8745857/thumb-l_used-car-one2car-suzuki-ciaz-gl-sedan-thailand_1f3c5c97e45b2ce975546af0b12a7c7c_d71551b3_3473_4a18_b95f_8dcb0001386e_000008745857_07dc7136_fba3_4563_8fcb_40019df236c1.jpg?smia=xTM'],"ไมล์แท้!!!! 17,xxx km รับประกันไม่มีชนหนักหรือจมน้ำ ยินดีรับซื้อรถคืน ...",Brand,Suzuki,Person,One2Car,Ciaz,Sedan,Petrol - Unleaded (ULP),5,สีดำ,https://www.one2car.com/for-sale/suzuki-ciaz-gl-กรุงเทพและปริมณฑล-อ่อนนุช/7585478,https://www.one2car.com/%E0%B8%A3%E0%B8%96-%E0%B8%AA%E0%B8%B3%E0%B8%AB%E0%B8%A3%E0%B8%B1%E0%B8%9A-%E0%B8%82%E0%B8%B2%E0%B8%A2?page_number=1772&page_size=26#listing_7585478,Offer,299000,THB,https://schema.org/UsedCondition,https://schema.org/InStock,Person,Place,PostalAddress,กรุงเทพมหานคร,กรุงเทพและปริมณฑล,https://www.one2car.com/dealer/c7c7a21b-0fa6-4557-9ec2-b54e79c5c3f1
Page1772,6,ListItem,7,Product,Car,2021 Honda N-BOX 0.7 (ปี 17-23) Custom Hatchback,['https://img3.icarcdn.com/5226007/thumb-l_new-car-one2car-honda-n-box-custom-hatchback-thailand_c9dc99ab16206b49114e1cc8e24a2a04_4e38cddf_3c1e_43f3_8f99_d523247c01e8_5226007_uBy5ZxOtNeVn1Tud2vPzCX.jpg?smia=xTM'],"""option"" แอร์หน้า , เครื่องเล่น วิทยุ cd mp3 usb , กระจกมองข้างปรับไฟฟ้า , จอ ...",Brand,Honda,Person,One2Car,N-BOX,Hatchback,Petrol - Unleaded (ULP),5,สีขาว,https://www.one2car.com/for-sale/honda-n-box-custom-กรุงเทพและปริมณฑล-เลียบด่วนรามอินทรา-เกษตรนวมินทร์/7006225,https://www.one2car.com/%E0%B8%A3%E0%B8%96-%E0%B8%AA%E0%B8%B3%E0%B8%AB%E0%B8%A3%E0%B8%B1%E0%B8%9A-%E0%B8%82%E0%B8%B2%E0%B8%A2?page_number=1772&page_size=26#listing_7006225,Offer,1,THB,https://schema.org/NewCondition,https://schema.org/InStock,Person,Place,PostalAddress,กรุงเทพมหานคร,กรุงเทพและปริมณฑล,https://www.one2car.com/dealer/SMOOTHCAR
Page1772,7,ListItem,8,Product,Car,1987 Rolls-Royce Corniche II 6.8 (ปี 86-89) V8 Convertible,['https://img2.icarcdn.com/3742637/thumb-l_used-car-one2car-rolls-royce-corniche-ii-v8-convertible-thailand_c9dc99ab16206b49114e2c51de58bd8a_5ea2208f_b725_4f0e_8167_e2c32c69a8a9_000003742637_aedb8212_d57f_4f6f_a097_954617cbfea2.jpg?smia=xTM'],รถสภาพยังสวยกริ๊บ รถ 2 ประตู ภายในแดง คลาสสิคสุดๆ สะสม หรือ เก็บ ลองมาดูครับ    ...,Brand,Rolls-Royce,Person,One2Car,Corniche II,Convertible,Petrol - Unleaded (ULP),4,สีน้ำเงิน,https://www.one2car.com/for-sale/rolls-royce-corniche-ii-v8-กรุงเทพและปริมณฑล-เลียบด่วนรามอินทรา-เกษตรนวมินทร์/7362473,https://www.one2car.com/%E0%B8%A3%E0%B8%96-%E0%B8%AA%E0%B8%B3%E0%B8%AB%E0%B8%A3%E0%B8%B1%E0%B8%9A-%E0%B8%82%E0%B8%B2%E0%B8%A2?page_number=1772&page_size=26#listing_7362473,Offer,1,THB,https://schema.org/UsedCondition,https://schema.org/InStock,Person,Place,PostalAddress,กรุงเทพมหานคร,กรุงเทพและปริมณฑล,https://www.one2car.com/dealer/22AutoTrade
Page1772,8,ListItem,9,Product,Car,1995 Nissan Sunny 1.5 B14-15 (ปี 94-00) EX Saloon Sedan,['https://img5.icarcdn.com/8900137/thumb-l_used-car-one2car-nissan-sunny-ex-saloon-sedan-thailand_000008900137_2239ab3b_e30b_4ed2_8b35_6418969424cb.jpg?smia=xTM'],Nissan sunny [ 1.5 ] ex saloon mt ปี 1995    ติดต่อสายตรง คุณ ซาฟารี ****    ...,Brand,Nissan,Person,One2Car,Sunny,Sedan,Petrol - Unleaded (ULP),5,สีน้ำเงิน,https://www.one2car.com/for-sale/nissan-sunny-ex-saloon-ภาคใต้-อำเภอเมืองสงขลา/7310098,https://www.one2car.com/%E0%B8%A3%E0%B8%96-%E0%B8%AA%E0%B8%B3%E0%B8%AB%E0%B8%A3%E0%B8%B1%E0%B8%9A-%E0%B8%82%E0%B8%B2%E0%B8%A2?page_number=1772&page_size=26#listing_7310098,Offer,49000,THB,https://schema.org/UsedCondition,https://schema.org/InStock,Person,Place,PostalAddress,สงขลา,ภาคใต้,https://www.one2car.com/dealer/safaree
Page1772,9,ListItem,10,Product,Car,1992 Toyota Corona 2.0 หน้ายักษ์-หน้ายิ้ม (ปี 88-94) GL Sedan,['https://img3.icarcdn.com/9405827/thumb-l_used-car-one2car-toyota-corona-gl-sedan-thailand_1646A0AA5EA3460CAF41EF4B02E2288C_000009405827_9eb1dc14_7af3_4af8_8769_c532c6a9d5d3.jpg?smia=xTM'],  ขายเงินสด เล่มทะเบียนพร้อมโอน   รถคลาสสิคยุค 90 เครื่องเดิมๆ สภาพดีหายาก ...,Brand,Toyota,Person,One2Car,Corona,Sedan,Petrol - Unleaded (ULP),5,สีเทา,https://www.one2car.com/for-sale/toyota-corona-gl-กรุงเทพและปริมณฑล-หลักสี่-สะพานใหม่-แจ้งวัฒนะ/7285049?auc=true,https://www.one2car.com/%E0%B8%A3%E0%B8%96-%E0%B8%AA%E0%B8%B3%E0%B8%AB%E0%B8%A3%E0%B8%B1%E0%B8%9A-%E0%B8%82%E0%B8%B2%E0%B8%A2?page_number=1772&page_size=26#listing_7285049,Offer,89000,THB,https://schema.org/UsedCondition,https://schema.org/InStock,Person,Place,PostalAddress,กรุงเทพมหานคร,กรุงเทพและปริมณฑล,https://www.one2car.com/dealer/VACHIRAYONT
Page1772,10,ListItem,11,Product,Car,2003 Toyota Hiace 3.0 หัวจรวด (ปี 92-04) Commuter Van MT,['https://img4.icarcdn.com/3577717/thumb-l_used-car-one2car-toyota-commuter-van-thailand_3577717_o6K4DDgcl5z2GQzUlgBDbA.jpg?smia=xTM'],Toyota hiace commuter [ 3.0 ] mt ปี 2003  ติดต่อสายตรง คุณ ซาฟารี ****  ...,Brand,Toyota,Person,One2Car,Hiace,Van,Diesel,15,สีเทา,https://www.one2car.com/for-sale/toyota-hiace-commuter-ภาคใต้-อำเภอเมืองสงขลา/7177753,https://www.one2car.com/%E0%B8%A3%E0%B8%96-%E0%B8%AA%E0%B8%B3%E0%B8%AB%E0%B8%A3%E0%B8%B1%E0%B8%9A-%E0%B8%82%E0%B8%B2%E0%B8%A2?page_number=1772&page_size=26#listing_7177753,Offer,235000,THB,https://schema.org/UsedCondition,https://schema.org/InStock,Person,Place,PostalAddress,สงขลา,ภาคใต้,https://www.one2car.com/dealer/safaree
Page1772,11,ListItem,12,Product,Car,2018 Nissan NP 300 Navara 2.5 DOUBLE CAB Calibre EL Pickup AT,['https://img5.icarcdn.com/6010306/thumb-l_used-car-one2car-nissan-np-300-navara-calibre-el-pickup-thailand_B1C87C6D8A9646B8AFA3CBED844A825E_6010306_Scx9CkVjvmDiDUvzTBQkBA.jpg?smia=xTM'],"  แอร์ ,วิทยุ ,เครื่องเล่นซีดี ,เซ็นทรัลล๊อค ,กระจกไฟฟ้า ,พวงมาลัยพาวเวอร์ ...",Brand,Nissan,Person,One2Car,NP 300 Navara,Pickup,Diesel,5,สีดำ,https://www.one2car.com/for-sale/nissan-np-300-navara-calibre-el-กรุงเทพและปริมณฑล-ศรีนครินทร์-เทพารักษ์/6030106,https://www.one2car.com/%E0%B8%A3%E0%B8%96-%E0%B8%AA%E0%B8%B3%E0%B8%AB%E0%B8%A3%E0%B8%B1%E0%B8%9A-%E0%B8%82%E0%B8%B2%E0%B8%A2?page_number=1772&page_size=26#listing_6030106,Offer,599000,THB,https://schema.org/UsedCondition,https://schema.org/InStock,Person,Place,PostalAddress,กรุงเทพมหานคร,กรุงเทพและปริมณฑล,https://www.one2car.com/dealer/JAXX-O2C
Page1772,12,ListItem,13,Product,Car,1999 Toyota Soluna 1.5 AL50 โฉมแรก (ปี 97-00) GLi Sedan,['https://img3.icarcdn.com/8006217/thumb-l_used-car-one2car-toyota-soluna-gli-sedan-thailand_8006217_Y8G1BDwyvb3VCmw9IaCgaE.jpg?smia=xTM'],"Toyota soluna [ 1.5 ] gli at ปี 1999    ขายราคาพิเศษ!!! สีเทา, เกียร์ออโต้ ...",Brand,Toyota,Person,One2Car,Soluna,Sedan,Petrol - Unleaded (ULP),5,สีเทา,https://www.one2car.com/for-sale/toyota-soluna-gli-ภาคใต้-อำเภอเมืองสงขลา/7126008,https://www.one2car.com/%E0%B8%A3%E0%B8%96-%E0%B8%AA%E0%B8%B3%E0%B8%AB%E0%B8%A3%E0%B8%B1%E0%B8%9A-%E0%B8%82%E0%B8%B2%E0%B8%A2?page_number=1772&page_size=26#listing_7126008,Offer,95000,THB,https://schema.org/UsedCondition,https://schema.org/InStock,Person,Place,PostalAddress,สงขลา,ภาคใต้,https://www.one2car.com/dealer/safaree
Page1772,13,ListItem,14,Product,Car,2019 Toyota C-HR 1.8 (ปี 17-21) HV Hi SUV AT,['https://img1.icarcdn.com/4398476/thumb-l_used-car-one2car-toyota-c-hr-hv-hi-suv-thailand_B1C87C6D8A9646B8AFA3CBED844A825E_4398476_rONaF7DY7LCiiOVmRHFGDD.JPG?smia=xTM'],"แอร์ ,วิทยุ ,เครื่องเล่นซีดี ,เซ็นทรัลล๊อค ,กระจกไฟฟ้า ,พวงมาลัยพาวเวอร์ ...",Brand,Toyota,Person,One2Car,C-HR,SUV,Petrol - Unleaded (ULP),5,สีน้ำเงิน,https://www.one2car.com/for-sale/toyota-c-hr-hv-hi-กรุงเทพและปริมณฑล-ศรีนครินทร์-เทพารักษ์/6748934,https://www.one2car.com/%E0%B8%A3%E0%B8%96-%E0%B8%AA%E0%B8%B3%E0%B8%AB%E0%B8%A3%E0%B8%B1%E0%B8%9A-%E0%B8%82%E0%B8%B2%E0%B8%A2?page_number=1772&page_size=26#listing_6748934,Offer,799000,THB,https://schema.org/UsedCondition,https://schema.org/InStock,Person,Place,PostalAddress,กรุงเทพมหานคร,กรุงเทพและปริมณฑล,https://www.one2car.com/dealer/JAXX-O2C
Page1772,14,ListItem,15,Product,Car,2015 Honda Freed 1.5 (ปี 08-16) EL Wagon AT,['https://img4.icarcdn.com/4487196/thumb-l_used-car-one2car-honda-freed-el-wagon-thailand_B1C87C6D8A9646B8AFA3CBED844A825E_4487196_MHgGcJUPnUs1ySs2tvasXf.JPG?smia=xTM'],"แอร์ ,วิทยุ ,เครื่องเล่นซีดี ,เซ็นทรัลล๊อค ,กระจกไฟฟ้า ,พวงมาลัยพาวเวอร์ ...",Brand,Honda,Person,One2Car,Freed,Wagon,Petrol - Unleaded (ULP),7,สีขาว,https://www.one2car.com/for-sale/honda-freed-el-กรุงเทพและปริมณฑล-ศรีนครินทร์-เทพารักษ์/6917844,https://www.one2car.com/%E0%B8%A3%E0%B8%96-%E0%B8%AA%E0%B8%B3%E0%B8%AB%E0%B8%A3%E0%B8%B1%E0%B8%9A-%E0%B8%82%E0%B8%B2%E0%B8%A2?page_number=1772&page_size=26#listing_6917844,Offer,599000,THB,https://schema.org/UsedCondition,https://schema.org/InStock,Person,Place,PostalAddress,กรุงเทพมหานคร,กรุงเทพและปริมณฑล,https://www.one2car.com/dealer/JAXX-O2C
Page1772,15,ListItem,16,Product,Car,2003 Mercedes-Benz E200 Kompressor 1.8 W211 (ปี 03-09) Elegance Sedan AT,['https://img2.icarcdn.com/8083007/thumb-l_used-car-one2car-mercedes-benz-e-class-e200-kompressor-elegance-sedan-thailand_c9dc99ab16209b49116e7d5e642fa476_5d3c16c1_e0ab_4107_9c5a_e9bab956dba2_8083007_n5aLlhx4N9YFlAQwhjlAbU.jpg?smia=xTM'],"""อุปกรณ์เสริมและอุปกรณ์ตกแต่ง    เครื่องเล่น cd, usb, แอร์, วิทยุ, กระจกไฟฟ้า, ...",Brand,Mercedes-Benz,Person,One2Car,E200 Kompressor,Sedan,Petrol - Unleaded (ULP),5,สีน้ำตาล,https://www.one2car.com/for-sale/mercedes-benz-e200-kompressor-elegance-กรุงเทพและปริมณฑล-กาญจนาภิเษก/7003808,https://www.one2car.com/%E0%B8%A3%E0%B8%96-%E0%B8%AA%E0%B8%B3%E0%B8%AB%E0%B8%A3%E0%B8%B1%E0%B8%9A-%E0%B8%82%E0%B8%B2%E0%B8%A2?page_number=1772&page_size=26#listing_7003808,Offer,399000,THB,https://schema.org/UsedCondition,https://schema.org/InStock,Person,Place,PostalAddress,กรุงเทพมหานคร,กรุงเทพและปริมณฑล,https://www.one2car.com/dealer/pjcarmart
Page1772,16,ListItem,17,Product,Car,2008 Mitsubishi Canter 2.8  Pickup,['https://img1.icarcdn.com/7771596/thumb-l_used-car-one2car-mitsubishi-canter-pickup-thailand_1646A0AA5EA3460CAF41EF4B02E2288C_7771596_v2cmcwshBJVxpE5t5g8bB6.jpeg?smia=xTM'],รถสวยมาก ช่วงล่างดีเยี่ยม ไฮดรอลิค ใช้ง่ายได้ปกติ  ,Brand,Mitsubishi,Person,One2Car,Canter,Pickup,Diesel,2,สีขาว,https://www.one2car.com/for-sale/mitsubishi-canter-กรุงเทพและปริมณฑล-หลักสี่-สะพานใหม่-แจ้งวัฒนะ/6951777?auc=true,https://www.one2car.com/%E0%B8%A3%E0%B8%96-%E0%B8%AA%E0%B8%B3%E0%B8%AB%E0%B8%A3%E0%B8%B1%E0%B8%9A-%E0%B8%82%E0%B8%B2%E0%B8%A2?page_number=1772&page_size=26#listing_6951777,Offer,499000,THB,https://schema.org/UsedCondition,https://schema.org/InStock,Person,Place,PostalAddress,กรุงเทพมหานคร,กรุงเทพและปริมณฑล,https://www.one2car.com/dealer/VACHIRAYONT
Page1772,17,ListItem,18,Product,Car,1992 Volvo 940 2.3 (ปี 90-98) Wagon AT,['https://img4.icarcdn.com/8425883/thumb-l_used-car-one2car-volvo-940-wagon-thailand_1646A0AA5EA3460CAF41EF4B02E2288C_8425883_dWbRIF71olBhWWMijH1rks.jpg?smia=xTM'],", เกียร์อัตโนมัติ กระจกมองข้างปรับไฟฟ้า ,แอร์หลัง วางเครื่อง 2 j ติดแก๊ส lpg ...",Brand,Volvo,Person,One2Car,940,Wagon,Petrol - Unleaded (ULP),5,สีดำ,https://www.one2car.com/for-sale/volvo-940-กรุงเทพและปริมณฑล-หลักสี่-สะพานใหม่-แจ้งวัฒนะ/3885248?auc=true,https://www.one2car.com/%E0%B8%A3%E0%B8%96-%E0%B8%AA%E0%B8%B3%E0%B8%AB%E0%B8%A3%E0%B8%B1%E0%B8%9A-%E0%B8%82%E0%B8%B2%E0%B8%A2?page_number=1772&page_size=26#listing_3885248,Offer,259000,THB,https://schema.org/UsedCondition,https://schema.org/InStock,Person,Place,PostalAddress,กรุงเทพมหานคร,กรุงเทพและปริมณฑล,https://www.one2car.com/dealer/VACHIRAYONT
Page1772,18,ListItem,19,Product,Car,2019 Mitsubishi Triton 2.5 MEGA CAB (ปี 14-19) GLX Pickup MT,['https://img3.icarcdn.com/10855121/thumb-l_%E0%B8%A3%E0%B8%96%E0%B8%A1%E0%B8%B7%E0%B8%AD%E0%B8%AA%E0%B8%AD%E0%B8%87-one2car-mitsubishi-triton-glx-pickup-thailand_000010855121_26e8ad89_3ab8_417b_af0b_0cb01de961f7.jpg.webp?smia=xTM'],"ปุ๋มรถสวยยูสคาร์  mitsubishi triton 2.5 glx m/t  -ราคา 429,000 บาท คันนี้ ...",Brand,Mitsubishi,Person,One2Car,Triton,Pickup,Diesel,2,สีเทา,https://www.one2car.com/for-sale/mitsubishi-triton-glx-ภาคอีสาน-อำเภอเมืองศรีสะเกษ/12155801,https://www.one2car.com/%E0%B8%A3%E0%B8%96-%E0%B8%AA%E0%B8%B3%E0%B8%AB%E0%B8%A3%E0%B8%B1%E0%B8%9A-%E0%B8%82%E0%B8%B2%E0%B8%A2?page_number=1772&page_size=26#listing_12155801,Offer,429000,THB,https://schema.org/UsedCondition,https://schema.org/InStock,Person,Place,PostalAddress,ศรีสะเกษ,ภาคอีสาน,https://www.one2car.com/dealer/779de3a3-7389-4108-b331-ab0e58381274
Page1772,19,ListItem,20,Product,Car,2014 Toyota Hilux Vigo 2.5 CHAMP EXTRACAB (ปี 11-15) 2.5 J STD Pickup MT,['https://img2.icarcdn.com/55065121/thumb-l_%E0%B8%A3%E0%B8%96%E0%B8%A1%E0%B8%B7%E0%B8%AD%E0%B8%AA%E0%B8%AD%E0%B8%87-one2car-toyota-hilux-vigo-j-std-pickup-thailand_000055065121_ad2cace2_e990_44c4_b080_b0252a608cd3.jpg.webp?smia=xTM'],"ปุ๋มรถสวยยูสคาร์   toyota hilux vigo cab (e) 2.5 m/t ปี2014  -ราคา 429,000 บาท ...",Brand,Toyota,Person,One2Car,Hilux Vigo,Pickup,Diesel,2,สีขาว,https://www.one2car.com/for-sale/toyota-hilux-vigo-j-std-ภาคอีสาน-อำเภอเมืองศรีสะเกษ/12156055,https://www.one2car.com/%E0%B8%A3%E0%B8%96-%E0%B8%AA%E0%B8%B3%E0%B8%AB%E0%B8%A3%E0%B8%B1%E0%B8%9A-%E0%B8%82%E0%B8%B2%E0%B8%A2?page_number=1772&page_size=26#listing_12156055,Offer,429000,THB,https://schema.org/UsedCondition,https://schema.org/InStock,Person,Place,PostalAddress,ศรีสะเกษ,ภาคอีสาน,https://www.one2car.com/dealer/779de3a3-7389-4108-b331-ab0e58381274
Page1772,20,ListItem,21,Product,Car,2014 Toyota Hilux Vigo 2.5 CHAMP EXTRACAB (ปี 11-15) 2.5 J STD Pickup MT,['https://img5.icarcdn.com/84855121/thumb-l_%E0%B8%A3%E0%B8%96%E0%B8%A1%E0%B8%B7%E0%B8%AD%E0%B8%AA%E0%B8%AD%E0%B8%87-one2car-toyota-hilux-vigo-j-std-pickup-thailand_000084855121_c292490b_c5d7_436d_99f3_54b62398b17f.jpg.webp?smia=xTM'],"ปุ๋มรถสวยยูสคาร์   toyota hilux vigo (e) trd 2.5 m/t  -ราคา 419,000 บาท คันนี้ ...",Brand,Toyota,Person,One2Car,Hilux Vigo,Pickup,Diesel,2,สีดำ,https://www.one2car.com/for-sale/toyota-hilux-vigo-j-std-ภาคอีสาน-อำเภอเมืองศรีสะเกษ/12155848,https://www.one2car.com/%E0%B8%A3%E0%B8%96-%E0%B8%AA%E0%B8%B3%E0%B8%AB%E0%B8%A3%E0%B8%B1%E0%B8%9A-%E0%B8%82%E0%B8%B2%E0%B8%A2?page_number=1772&page_size=26#listing_12155848,Offer,419000,THB,https://schema.org/UsedCondition,https://schema.org/InStock,Person,Place,PostalAddress,ศรีสะเกษ,ภาคอีสาน,https://www.one2car.com/dealer/779de3a3-7389-4108-b331-ab0e58381274
Page1772,21,ListItem,22,Product,Car,2015 Isuzu D-Max 2.5 CAB-4 (ปี 11-17) S Pickup MT,['https://img5.icarcdn.com/12145121/thumb-l_%E0%B8%A3%E0%B8%96%E0%B8%A1%E0%B8%B7%E0%B8%AD%E0%B8%AA%E0%B8%AD%E0%B8%87-one2car-isuzu-d-max-s-pickup-thailand_000012145121_5ace990e_310e_4413_a136_98820ac62fc9.jpg.webp?smia=xTM'],"ปุ๋มรถสวยยูสคาร์  isuzu d-max cab 4 (s) 2.5 m/t ปี2014  -ราคา 449,000 บาท ...",Brand,Isuzu,Person,One2Car,D-Max,Pickup,Diesel,5,สีขาว,https://www.one2car.com/for-sale/isuzu-d-max-s-ภาคอีสาน-อำเภอเมืองศรีสะเกษ/12154121,https://www.one2car.com/%E0%B8%A3%E0%B8%96-%E0%B8%AA%E0%B8%B3%E0%B8%AB%E0%B8%A3%E0%B8%B1%E0%B8%9A-%E0%B8%82%E0%B8%B2%E0%B8%A2?page_number=1772&page_size=26#listing_12154121,Offer,449000,THB,https://schema.org/UsedCondition,https://schema.org/InStock,Person,Place,PostalAddress,ศรีสะเกษ,ภาคอีสาน,https://www.one2car.com/dealer/779de3a3-7389-4108-b331-ab0e58381274
Page1772,22,ListItem,23,Product,Car,2018 Mitsubishi Mirage 1.2 (ปี 12-18) 1.2 Limited Edition Hatchback AT,['https://img1.icarcdn.com/21725121/thumb-l_%E0%B8%A3%E0%B8%96%E0%B8%A1%E0%B8%B7%E0%B8%AD%E0%B8%AA%E0%B8%AD%E0%B8%87-one2car-mitsubishi-mirage-gls-hatchback-thailan_000021725121_b83d2d6e_8924_4ae0_a186_f9578399d06c.jpg.webp?smia=xTM'],"ปุ๋มรถสวยยูสคาร์  mitsubishi mirage 1.2 a/t gls limited  -ราคา 329,000 บาท ...",Brand,Mitsubishi,Person,One2Car,Mirage,Hatchback,Petrol - Unleaded (ULP),5,สีขาว,https://www.one2car.com/for-sale/mitsubishi-mirage-limited-edition-ภาคอีสาน-อำเภอเมืองศรีสะเกษ/12152712,https://www.one2car.com/%E0%B8%A3%E0%B8%96-%E0%B8%AA%E0%B8%B3%E0%B8%AB%E0%B8%A3%E0%B8%B1%E0%B8%9A-%E0%B8%82%E0%B8%B2%E0%B8%A2?page_number=1772&page_size=26#listing_12152712,Offer,329000,THB,https://schema.org/UsedCondition,https://schema.org/InStock,Person,Place,PostalAddress,ศรีสะเกษ,ภาคอีสาน,https://www.one2car.com/dealer/779de3a3-7389-4108-b331-ab0e58381274
Page1772,23,ListItem,24,Product,Car,2011 Isuzu D-Max SPACE CAB (ปี 07-11) 2.5 Hi-Lander Super Titanium Pickup MT,['https://img5.icarcdn.com/21825121/thumb-l_%E0%B8%A3%E0%B8%96%E0%B8%A1%E0%B8%B7%E0%B8%AD%E0%B8%AA%E0%B8%AD%E0%B8%87-one2car-isuzu-d-max-hi-lander-z-pickup-thailand_000021825121_0be7c8b0_7d25_4bf4_9f1a_8643bbf69df9.jpg.webp?smia=xTM'],"ปุ๋มรถสวยยูสคาร์  isuzu d-max 2.5 m/t hilander   -ราคา 399,000 บาท คันนี้ ...",Brand,Isuzu,Person,One2Car,D-Max,Pickup,Diesel,2,สีดำ,https://www.one2car.com/for-sale/isuzu-d-max-hi-lander-super-titanium-ภาคอีสาน-อำเภอเมืองศรีสะเกษ/12152812,https://www.one2car.com/%E0%B8%A3%E0%B8%96-%E0%B8%AA%E0%B8%B3%E0%B8%AB%E0%B8%A3%E0%B8%B1%E0%B8%9A-%E0%B8%82%E0%B8%B2%E0%B8%A2?page_number=1772&page_size=26#listing_12152812,Offer,399000,THB,https://schema.org/UsedCondition,https://schema.org/InStock,Person,Place,PostalAddress,ศรีสะเกษ,ภาคอีสาน,https://www.one2car.com/dealer/779de3a3-7389-4108-b331-ab0e58381274
Page1772,24,ListItem,25,Product,Car,2021 Isuzu D-Max 1.9 SPACE CAB (ปี 19-26) 1.9 S Pickup MT,['https://img1.icarcdn.com/74135121/thumb-l_%E0%B8%A3%E0%B8%96%E0%B8%A1%E0%B8%B7%E0%B8%AD%E0%B8%AA%E0%B8%AD%E0%B8%87-one2car-isuzu-d-max-s-pickup-thailand_000074135121_a66d771f_10a9_4262_9967_1daa208c4ae5.jpg.webp?smia=xTM'],"ปุ๋มรถสวยยูสคาร์   isuzu d-max 1.9 (s) abs cab m/t  -ราคา 559,000 บาท คันนี้ ...",Brand,Isuzu,Person,One2Car,D-Max,Pickup,Diesel,2,สีขาว,https://www.one2car.com/for-sale/isuzu-d-max-s-ภาคอีสาน-อำเภอเมืองศรีสะเกษ/12153147,https://www.one2car.com/%E0%B8%A3%E0%B8%96-%E0%B8%AA%E0%B8%B3%E0%B8%AB%E0%B8%A3%E0%B8%B1%E0%B8%9A-%E0%B8%82%E0%B8%B2%E0%B8%A2?page_number=1772&page_size=26#listing_12153147,Offer,559000,THB,https://schema.org/UsedCondition,https://schema.org/InStock,Person,Place,PostalAddress,ศรีสะเกษ,ภาคอีสาน,https://www.one2car.com/dealer/779de3a3-7389-4108-b331-ab0e58381274
Page1772,25,ListItem,26,Product,Car,2018 Mitsubishi Triton 2.5 MEGA CAB (ปี 14-19) 2.5 GLX Pickup MT,['https://img5.icarcdn.com/02035121/thumb-l_%E0%B8%A3%E0%B8%96%E0%B8%A1%E0%B8%B7%E0%B8%AD%E0%B8%AA%E0%B8%AD%E0%B8%87-one2car-mitsubishi-triton-glx-pickup-thailand_000002035121_50fbdc28_ed65_4505_8ca7_3cf1cbdddc8f.jpg.webp?smia=xTM'],"ปุ๋มรถสวยยูสคาร์   mitsubishi triton 2.5 glx m/t  -ราคา 419,000 บาท คันนี้ ...",Brand,Mitsubishi,Person,One2Car,Triton,Pickup,Diesel,2,สีดำ,https://www.one2car.com/for-sale/mitsubishi-triton-glx-ภาคอีสาน-อำเภอเมืองศรีสะเกษ/12153020,https://www.one2car.com/%E0%B8%A3%E0%B8%96-%E0%B8%AA%E0%B8%B3%E0%B8%AB%E0%B8%A3%E0%B8%B1%E0%B8%9A-%E0%B8%82%E0%B8%B2%E0%B8%A2?page_number=1772&page_size=26#listing_12153020,Offer,419000,THB,https://schema.org/UsedCondition,https://schema.org/InStock,Person,Place,PostalAddress,ศรีสะเกษ,ภาคอีสาน,https://www.one2car.com/dealer/779de3a3-7389-4108-b331-ab0e58381274
Page1773,0,ListItem,1,Product,Car,2014 Isuzu D-Max 2.5 SPACE CAB (ปี 11-17) 2.5 S Pickup MT,['https://img2.icarcdn.com/72925121/thumb-l_%E0%B8%A3%E0%B8%96%E0%B8%A1%E0%B8%B7%E0%B8%AD%E0%B8%AA%E0%B8%AD%E0%B8%87-one2car-isuzu-d-max-s-pickup-thailand_000072925121_8434d6c5_31a7_4851_98e7_6812a5e39609.jpg.webp?smia=xTM'],"ปุ๋มรถสวยยูสคาร์   isuzu d-max cab 2.5 (s) m/t  -ราคา 439,000 บาท คันนี้ ...",Brand,Isuzu,Person,One2Car,D-Max,Pickup,Diesel,2,สีขาว,https://www.one2car.com/for-sale/isuzu-d-max-s-ภาคอีสาน-อำเภอเมืองศรีสะเกษ/12152927,https://www.one2car.com/%E0%B8%A3%E0%B8%96-%E0%B8%AA%E0%B8%B3%E0%B8%AB%E0%B8%A3%E0%B8%B1%E0%B8%9A-%E0%B8%82%E0%B8%B2%E0%B8%A2?page_number=1773&page_size=26#listing_12152927,Offer,439000,THB,https://schema.org/UsedCondition,https://schema.org/InStock,Person,Place,PostalAddress,ศรีสะเกษ,ภาคอีสาน,https://www.one2car.com/dealer/779de3a3-7389-4108-b331-ab0e58381274
Page1773,1,ListItem,2,Product,Car,2008 Toyota Hilux Vigo 2.5 DOUBLE CAB (ปี 04-08) G Pickup MT,['https://img3.icarcdn.com/52703121/thumb-l_%E0%B8%A3%E0%B8%96%E0%B8%A1%E0%B8%B7%E0%B8%AD%E0%B8%AA%E0%B8%AD%E0%B8%87-one2car-toyota-hilux-vigo-g-pickup-thailand_000052703121_d5a22d12_e198_4eb9_a01a_aa286c7d45eb.jpeg.webp?smia=xTM'],สภาพยอดเยี่ยม ไม่มีการเกิดอุบัติเหตุ สภาพยางยังดีอยู่ รถมือเดียวไม่เคยชนหนัก  ...,Brand,Toyota,Person,One2Car,Hilux Vigo,Pickup,Diesel,5,สีทอง,https://www.one2car.com/for-sale/toyota-hilux-vigo-g-กรุงเทพและปริมณฑล-เลียบด่วนรามอินทรา-เกษตรนวมินทร์/12130725,https://www.one2car.com/%E0%B8%A3%E0%B8%96-%E0%B8%AA%E0%B8%B3%E0%B8%AB%E0%B8%A3%E0%B8%B1%E0%B8%9A-%E0%B8%82%E0%B8%B2%E0%B8%A2?page_number=1773&page_size=26#listing_12130725,Offer,240000,THB,https://schema.org/UsedCondition,https://schema.org/InStock,Person,Place,PostalAddress,กรุงเทพมหานคร,กรุงเทพและปริมณฑล,
Page1773,2,ListItem,3,Product,Car,2017 Toyota Vios 1.5 (ปี 17-22) E Sedan,['https://img4.icarcdn.com/02546011/thumb-l_%E0%B8%A3%E0%B8%96%E0%B8%A1%E0%B8%B7%E0%B8%AD%E0%B8%AA%E0%B8%AD%E0%B8%87-one2car-toyota-vios-e-sedan-thailand_000002546011_3d4fd5ce_c18b_4e98_b115_6c0423afc374.jpg.webp?smia=xTM'],"One2car.com ซื้อรถมือสอง หารถมือสอง : รถยนต์ รถเก๋ง รถกระบะ รถตู้ , ซื้อรถใหม่ ...",Brand,Toyota,Person,One2Car,Vios,Sedan,Petrol - Unleaded (ULP),5,สีขาว,https://www.one2car.com/for-sale/toyota-vios-e-ภาคเหนือ-อำเภอเมืองเชียงใหม่/11064520,https://www.one2car.com/%E0%B8%A3%E0%B8%96-%E0%B8%AA%E0%B8%B3%E0%B8%AB%E0%B8%A3%E0%B8%B1%E0%B8%9A-%E0%B8%82%E0%B8%B2%E0%B8%A2?page_number=1773&page_size=26#listing_11064520,Offer,369000,THB,https://schema.org/UsedCondition,https://schema.org/InStock,Person,Place,PostalAddress,เชียงใหม่,ภาคเหนือ,https://www.one2car.com/dealer/0dcd07b3-8199-462f-8376-d7ec1e94c95c
Page1773,3,ListItem,4,Product,Car,2018 Mazda BT-50 PRO 2.2 FREE STYLE CAB S Pickup,['https://img2.icarcdn.com/84827311/thumb-l_%E0%B8%A3%E0%B8%96%E0%B8%A1%E0%B8%B7%E0%B8%AD%E0%B8%AA%E0%B8%AD%E0%B8%87-one2car-mazda-bt-50-pro-s-pickup-thailand_000084827311_ea063832_2a66_4362_b842_7f1cd61f76f6.jpg.webp?smia=xTM'],อุปกรณ์เสริมและอุปกรณ์ตกแต่ง  แอร์ วิทยุ เครื่องเล่น พวงมาลัยพาวเวอร์ ...,Brand,Mazda,Person,One2Car,BT-50 PRO,Pickup,Diesel,2,สีน้ำตาล,https://www.one2car.com/for-sale/mazda-bt-50-pro-s-ภาคเหนือ-อำเภอเมืองเชียงใหม่/11372848,https://www.one2car.com/%E0%B8%A3%E0%B8%96-%E0%B8%AA%E0%B8%B3%E0%B8%AB%E0%B8%A3%E0%B8%B1%E0%B8%9A-%E0%B8%82%E0%B8%B2%E0%B8%A2?page_number=1773&page_size=26#listing_11372848,Offer,339000,THB,https://schema.org/UsedCondition,https://schema.org/InStock,Person,Place,PostalAddress,เชียงใหม่,ภาคเหนือ,https://www.one2car.com/dealer/0dcd07b3-8199-462f-8376-d7ec1e94c95c
Page1773,4,ListItem,5,Product,Car,2019 Toyota Yaris 1.2 (ปี 17-22) J Hatchback,['https://img4.icarcdn.com/54601211/thumb-l_%E0%B8%A3%E0%B8%96%E0%B8%A1%E0%B8%B7%E0%B8%AD%E0%B8%AA%E0%B8%AD%E0%B8%87-one2car-toyota-yaris-j-hatchback-thailand_000054601211_d809eb4c_4149_4290_b2fe_1a3982e93cbb.jpg.webp?smia=xTM'],"One2car.com ซื้อรถมือสอง หารถมือสอง : รถยนต์ รถเก๋ง รถกระบะ รถตู้ , ซื้อรถใหม่ ...",Brand,Toyota,Person,One2Car,Yaris,Hatchback,Petrol - Unleaded (ULP),5,สีดำ,https://www.one2car.com/for-sale/toyota-yaris-j-ภาคเหนือ-อำเภอเมืองเชียงใหม่/11210645,https://www.one2car.com/%E0%B8%A3%E0%B8%96-%E0%B8%AA%E0%B8%B3%E0%B8%AB%E0%B8%A3%E0%B8%B1%E0%B8%9A-%E0%B8%82%E0%B8%B2%E0%B8%A2?page_number=1773&page_size=26#listing_11210645,Offer,359000,THB,https://schema.org/UsedCondition,https://schema.org/InStock,Person,Place,PostalAddress,เชียงใหม่,ภาคเหนือ,https://www.one2car.com/dealer/0dcd07b3-8199-462f-8376-d7ec1e94c95c
Page1773,5,ListItem,6,Product,Car,2019 Toyota Hilux Revo 2.4 SMARTCAB J Pickup,['https://img1.icarcdn.com/36016021/thumb-l_%E0%B8%A3%E0%B8%96%E0%B8%A1%E0%B8%B7%E0%B8%AD%E0%B8%AA%E0%B8%AD%E0%B8%87-one2car-toyota-hilux-revo-j-pickup-thailand_000036016021_625affb4_df7e_44fa_8727_924ac3f724f6.jpg.webp?smia=xTM'],อุปกรณ์เสริมและอุปกรณ์ตกแต่ง  แอร์ วิทยุ เครื่องเล่น พวงมาลัยพาวเวอร์ ...,Brand,Toyota,Person,One2Car,Hilux Revo,Pickup,Diesel,2,สีขาว,https://www.one2car.com/for-sale/toyota-hilux-revo-j-ภาคเหนือ-อำเภอเมืองเชียงใหม่/12061063,https://www.one2car.com/%E0%B8%A3%E0%B8%96-%E0%B8%AA%E0%B8%B3%E0%B8%AB%E0%B8%A3%E0%B8%B1%E0%B8%9A-%E0%B8%82%E0%B8%B2%E0%B8%A2?page_number=1773&page_size=26#listing_12061063,Offer,389000,THB,https://schema.org/UsedCondition,https://schema.org/InStock,Person,Place,PostalAddress,เชียงใหม่,ภาคเหนือ,https://www.one2car.com/dealer/0dcd07b3-8199-462f-8376-d7ec1e94c95c
Page1773,6,ListItem,7,Product,Car,2013 Nissan Teana 2.5 (ปี 13-20) 2.5 XV Sedan AT,['https://img1.icarcdn.com/90451611/thumb-l_%E0%B8%A3%E0%B8%96%E0%B8%A1%E0%B8%B7%E0%B8%AD%E0%B8%AA%E0%B8%AD%E0%B8%87-one2car-nissan-teana-xv-sedan-thailand_000090451611_4772187f_bc55_43b8_b4f1_0c8cb5b06697.jpg.webp?smia=xTM'],"รถยนต์ นิสสัน เทียน่า รุ่น l33 2.5 xv รุ่นท๊อป เลขไมล์ต่ำ เพียง 88,483 km. ...",Brand,Nissan,Person,One2Car,Teana,Sedan,Petrol - Unleaded (ULP),5,สีดำ,https://www.one2car.com/for-sale/nissan-teana-xv-กรุงเทพและปริมณฑล-อำเภอธัญบุรี/11615409,https://www.one2car.com/%E0%B8%A3%E0%B8%96-%E0%B8%AA%E0%B8%B3%E0%B8%AB%E0%B8%A3%E0%B8%B1%E0%B8%9A-%E0%B8%82%E0%B8%B2%E0%B8%A2?page_number=1773&page_size=26#listing_11615409,Offer,485000,THB,https://schema.org/UsedCondition,https://schema.org/InStock,Person,Place,PostalAddress,ปทุมธานี,กรุงเทพและปริมณฑล,
Page1773,7,ListItem,8,Product,Car,2013 BMW M3 3.2 E46 (ปี 98-07) 3.2 Convertible AT,['https://img4.icarcdn.com/80947511/thumb-l_%E0%B8%A3%E0%B8%96%E0%B8%A1%E0%B8%B7%E0%B8%AD%E0%B8%AA%E0%B8%AD%E0%B8%87-one2car-bmw-m-m3-coupe-thailand_000080947511_e9e37083_8b4f_482e_a8ab_6b00ff1c3a94.jpeg.webp?smia=xTM'],รถคลาสสิค m3 เปิดประทุนหายาก รถบ้านขายเอง ขับทุกอาทิตย์ เซอร์วิสประจำ ...,Brand,BMW,Person,One2Car,M3,Convertible,Petrol - Unleaded (ULP),4,สีอื่นๆ,https://www.one2car.com/for-sale/bmw-m3-กรุงเทพและปริมณฑล-สุขุมวิท/11574908,https://www.one2car.com/%E0%B8%A3%E0%B8%96-%E0%B8%AA%E0%B8%B3%E0%B8%AB%E0%B8%A3%E0%B8%B1%E0%B8%9A-%E0%B8%82%E0%B8%B2%E0%B8%A2?page_number=1773&page_size=26#listing_11574908,Offer,3900000,THB,https://schema.org/UsedCondition,https://schema.org/InStock,Person,Place,PostalAddress,กรุงเทพมหานคร,กรุงเทพและปริมณฑล,
Page1773,8,ListItem,9,Product,Car,2016 Honda Accord 2.0 (ปี 13-19) 2.0 EL i-VTEC Sedan AT,['https://img5.icarcdn.com/96403021/thumb-l_%E0%B8%A3%E0%B8%96%E0%B8%A1%E0%B8%B7%E0%B8%AD%E0%B8%AA%E0%B8%AD%E0%B8%87-one2car-honda-accord-el-i-vtec-sedan-thailand_000096403021_4d4e5967_e5d7_4662_9622_d321f48a6d38.jpg.webp?smia=xTM'],"2016 honda accord · sedan · ขับไปแล้ว 101,429 ไมล์      ขออณุญาติ ลงขาย   honda ...",Brand,Honda,Person,One2Car,Accord,Sedan,Petrol - Unleaded (ULP),5,สีเงิน,https://www.one2car.com/for-sale/honda-accord-el-i-vtec-กรุงเทพและปริมณฑล-อำเภอบางพลี/12030469,https://www.one2car.com/%E0%B8%A3%E0%B8%96-%E0%B8%AA%E0%B8%B3%E0%B8%AB%E0%B8%A3%E0%B8%B1%E0%B8%9A-%E0%B8%82%E0%B8%B2%E0%B8%A2?page_number=1773&page_size=26#listing_12030469,Offer,649000,THB,https://schema.org/UsedCondition,https://schema.org/InStock,Person,Place,PostalAddress,สมุทรปราการ,กรุงเทพและปริมณฑล,
Page1773,9,ListItem,10,Product,Car,2018 Ford Ranger 2.2 OPEN CAB (ปี 15-21) Hi-Rider XLT Pickup,['https://img1.icarcdn.com/86016021/thumb-l_%E0%B8%A3%E0%B8%96%E0%B8%A1%E0%B8%B7%E0%B8%AD%E0%B8%AA%E0%B8%AD%E0%B8%87-one2car-ford-ranger-hi-rider-xlt-pickup-thailan_000086016021_4161bdec_42a4_44f7_aa7b_f79a1408049b.jpg.webp?smia=xTM'],⛔️⛔️ option ⛔️⛔️    ☑️ เบาะหนัง  ☑️ airbag  ☑️ ล้อแม็ก  ☑️ พวงมาลัย multi ...,Brand,Ford,Person,One2Car,Ranger,Pickup,Diesel,2,สีเทา,https://www.one2car.com/for-sale/ford-ranger-hi-rider-xlt-ภาคเหนือ-อำเภอเมืองเชียงใหม่/12061068,https://www.one2car.com/%E0%B8%A3%E0%B8%96-%E0%B8%AA%E0%B8%B3%E0%B8%AB%E0%B8%A3%E0%B8%B1%E0%B8%9A-%E0%B8%82%E0%B8%B2%E0%B8%A2?page_number=1773&page_size=26#listing_12061068,Offer,389000,THB,https://schema.org/UsedCondition,https://schema.org/InStock,Person,Place,PostalAddress,เชียงใหม่,ภาคเหนือ,https://www.one2car.com/dealer/0dcd07b3-8199-462f-8376-d7ec1e94c95c
Page1773,10,ListItem,11,Product,Car,2019 Toyota Fortuner 2.8 (ปี 15-21) 2.8 TRD Sportivo 4WD SUV AT,['https://img3.icarcdn.com/74644511/thumb-l_%E0%B8%A3%E0%B8%96%E0%B8%A1%E0%B8%B7%E0%B8%AD%E0%B8%AA%E0%B8%AD%E0%B8%87-one2car-toyota-fortuner-trd-sportivo-suv-thaila_000074644511_d8ed0312_cd66_498c_aaa4_9da0444bbd26.jpeg.webp?smia=xTM'],เพิ่งทำการเช็คสภาพรถ   ไม่เคยชนหนัก   เสริมช่วงล่าง   ติดเกียร์ไฟฟ้า,Brand,Toyota,Person,One2Car,Fortuner,SUV,Diesel,7,สีขาว,https://www.one2car.com/for-sale/toyota-fortuner-trd-sportivo-ภาคอีสาน-อำเภอเมืองอุดรธานี/11544647,https://www.one2car.com/%E0%B8%A3%E0%B8%96-%E0%B8%AA%E0%B8%B3%E0%B8%AB%E0%B8%A3%E0%B8%B1%E0%B8%9A-%E0%B8%82%E0%B8%B2%E0%B8%A2?page_number=1773&page_size=26#listing_11544647,Offer,1265000,THB,https://schema.org/UsedCondition,https://schema.org/InStock,Person,Place,PostalAddress,อุดรธานี,ภาคอีสาน,
Page1773,11,ListItem,12,Product,Car,2009 Honda Accord 2.4 (ปี 07-13) 2.4 EL NAVI Sedan AT,['https://img2.icarcdn.com/20490021/thumb-l_%E0%B8%A3%E0%B8%96%E0%B8%A1%E0%B8%B7%E0%B8%AD%E0%B8%AA%E0%B8%AD%E0%B8%87-one2car-honda-accord-el-navi-sedan-thailand_000020490021_7a7ed676_ce66_49b6_9bdc_8d720d6d6ae5.jpg.webp?smia=xTM'],Honda accord 2.4el navi ปี08 รถบ้านมือเดียวเจ้าของขายเอง,Brand,Honda,Person,One2Car,Accord,Sedan,Petrol - Unleaded (ULP),5,สีขาว,https://www.one2car.com/for-sale/honda-accord-el-navi-กรุงเทพและปริมณฑล-อำเภอบางพลี/12009402,https://www.one2car.com/%E0%B8%A3%E0%B8%96-%E0%B8%AA%E0%B8%B3%E0%B8%AB%E0%B8%A3%E0%B8%B1%E0%B8%9A-%E0%B8%82%E0%B8%B2%E0%B8%A2?page_number=1773&page_size=26#listing_12009402,Offer,290000,THB,https://schema.org/UsedCondition,https://schema.org/InStock,Person,Place,PostalAddress,สมุทรปราการ,กรุงเทพและปริมณฑล,
Page1773,12,ListItem,13,Product,Car,2010 Mazda 2 1.5 (ปี 09-14) Groove Sedan,['https://img2.icarcdn.com/59897911/thumb-l_%E0%B8%A3%E0%B8%96%E0%B8%A1%E0%B8%B7%E0%B8%AD%E0%B8%AA%E0%B8%AD%E0%B8%87-one2car-mazda-2-groove-sedan-thailand_000059897911_aaacb1d8_ffaf_4fed_b0da_a31ce8b447ca.jpg.webp?smia=xTM'],2010 mazda 2 1.5 (ปี 09-14) groove sedan  option:  ☑️ เบาะหนัง  ☑️ airbag  ☑️ ...,Brand,Mazda,Person,One2Car,2,Sedan,Petrol - Unleaded (ULP),5,สีเงิน,https://www.one2car.com/for-sale/mazda-2-groove-ภาคเหนือ-อำเภอเมืองเชียงใหม่/11979895,https://www.one2car.com/%E0%B8%A3%E0%B8%96-%E0%B8%AA%E0%B8%B3%E0%B8%AB%E0%B8%A3%E0%B8%B1%E0%B8%9A-%E0%B8%82%E0%B8%B2%E0%B8%A2?page_number=1773&page_size=26#listing_11979895,Offer,185000,THB,https://schema.org/UsedCondition,https://schema.org/InStock,Person,Place,PostalAddress,เชียงใหม่,ภาคเหนือ,https://www.one2car.com/dealer/0dcd07b3-8199-462f-8376-d7ec1e94c95c
Page1773,13,ListItem,14,Product,Car,2017 Nissan Almera 1.2 (ปี 11-19) E Sedan,['https://img5.icarcdn.com/08827311/thumb-l_%E0%B8%A3%E0%B8%96%E0%B8%A1%E0%B8%B7%E0%B8%AD%E0%B8%AA%E0%B8%AD%E0%B8%87-one2car-nissan-almera-e-sedan-thailand_000008827311_37dda6d8_7b0b_4738_8d97_ab037a8590b0.jpg.webp?smia=xTM'],อุปกรณ์เสริมและอุปกรณ์ตกแต่ง แอร์ วิทยุ เครื่องเล่น พวงมาลัยพาวเวอร์ ...,Brand,Nissan,Person,One2Car,Almera,Sedan,Petrol - Unleaded (ULP),5,สีเงิน,https://www.one2car.com/for-sale/nissan-almera-e-ภาคเหนือ-อำเภอเมืองเชียงใหม่/11372880,https://www.one2car.com/%E0%B8%A3%E0%B8%96-%E0%B8%AA%E0%B8%B3%E0%B8%AB%E0%B8%A3%E0%B8%B1%E0%B8%9A-%E0%B8%82%E0%B8%B2%E0%B8%A2?page_number=1773&page_size=26#listing_11372880,Offer,249000,THB,https://schema.org/UsedCondition,https://schema.org/InStock,Person,Place,PostalAddress,เชียงใหม่,ภาคเหนือ,https://www.one2car.com/dealer/0dcd07b3-8199-462f-8376-d7ec1e94c95c
Page1773,14,ListItem,15,Product,Car,2013 Honda Brio 1.2 (ปี 11-16) AMAZE V Sedan,['https://img1.icarcdn.com/36749311/thumb-l_%E0%B8%A3%E0%B8%96%E0%B8%A1%E0%B8%B7%E0%B8%AD%E0%B8%AA%E0%B8%AD%E0%B8%87-one2car-honda-brio-amaze-v-sedan-thailand_000036749311_9ba5630e_2721_45a4_a26d_171ec9693cb3.jpg.webp?smia=xTM'],""" อุปกรณ์เสริมและอุปกรณ์ตกแต่ง ""    แอร์ ,วิทยุ ,เครื่องเล่นซีดี ,เซ็นทรัลล๊อค ...",Brand,Honda,Person,One2Car,Brio,Sedan,Petrol - Unleaded (ULP),5,สีดำ,https://www.one2car.com/for-sale/honda-brio-amaze-v-ภาคเหนือ-อำเภอเมืองเชียงใหม่/11394763,https://www.one2car.com/%E0%B8%A3%E0%B8%96-%E0%B8%AA%E0%B8%B3%E0%B8%AB%E0%B8%A3%E0%B8%B1%E0%B8%9A-%E0%B8%82%E0%B8%B2%E0%B8%A2?page_number=1773&page_size=26#listing_11394763,Offer,249000,THB,https://schema.org/UsedCondition,https://schema.org/InStock,Person,Place,PostalAddress,เชียงใหม่,ภาคเหนือ,https://www.one2car.com/dealer/0dcd07b3-8199-462f-8376-d7ec1e94c95c
Page1773,15,ListItem,16,Product,Car,2020 Toyota Hilux Revo 2.4 SMARTCAB Z Edition J Plus Pickup,['https://img3.icarcdn.com/38175011/thumb-l_%E0%B8%A3%E0%B8%96%E0%B8%A1%E0%B8%B7%E0%B8%AD%E0%B8%AA%E0%B8%AD%E0%B8%87-one2car-toyota-hilux-revo-z-edition-j-plus-pick_000038175011_bb713bad_e0c0_4291_beb8_f536cf9cf70f.jpg.webp?smia=xTM'],Revo 2.4 z edition ฟรีดาวน์ ปี2020 รถยังไม่ถึงปี รถสวยมากๆ 🔥ราคาที่สุดตลาด ...,Brand,Toyota,Person,One2Car,Hilux Revo,Pickup,Diesel,2,สีเทา,https://www.one2car.com/for-sale/toyota-hilux-revo-z-edition-j-plus-ภาคเหนือ-อำเภอเมืองเชียงใหม่/11057183,https://www.one2car.com/%E0%B8%A3%E0%B8%96-%E0%B8%AA%E0%B8%B3%E0%B8%AB%E0%B8%A3%E0%B8%B1%E0%B8%9A-%E0%B8%82%E0%B8%B2%E0%B8%A2?page_number=1773&page_size=26#listing_11057183,Offer,459000,THB,https://schema.org/UsedCondition,https://schema.org/InStock,Person,Place,PostalAddress,เชียงใหม่,ภาคเหนือ,https://www.one2car.com/dealer/0dcd07b3-8199-462f-8376-d7ec1e94c95c
Page1773,16,ListItem,17,Product,Car,2020 Toyota Hilux Revo 2.4 SMARTCAB Z Edition J Plus Pickup,['https://img3.icarcdn.com/85489211/thumb-l_%E0%B8%A3%E0%B8%96%E0%B8%A1%E0%B8%B7%E0%B8%AD%E0%B8%AA%E0%B8%AD%E0%B8%87-one2car-toyota-hilux-revo-z-edition-j-plus-pick_000085489211_8c5a06e2_6dd2_4a7b_88e0_170096ad99b7.jpg.webp?smia=xTM'],"One2car.com ซื้อรถมือสอง หารถมือสอง : รถยนต์ รถเก๋ง รถกระบะ รถตู้ , ซื้อรถใหม่ ...",Brand,Toyota,Person,One2Car,Hilux Revo,Pickup,Diesel,2,สีขาว,https://www.one2car.com/for-sale/toyota-hilux-revo-z-edition-j-plus-ภาคเหนือ-อำเภอเมืองเชียงใหม่/11298458,https://www.one2car.com/%E0%B8%A3%E0%B8%96-%E0%B8%AA%E0%B8%B3%E0%B8%AB%E0%B8%A3%E0%B8%B1%E0%B8%9A-%E0%B8%82%E0%B8%B2%E0%B8%A2?page_number=1773&page_size=26#listing_11298458,Offer,439000,THB,https://schema.org/UsedCondition,https://schema.org/InStock,Person,Place,PostalAddress,เชียงใหม่,ภาคเหนือ,https://www.one2car.com/dealer/0dcd07b3-8199-462f-8376-d7ec1e94c95c
Page1773,17,ListItem,18,Product,Car,2014 BMW X1 2.0 E84 (ปี 09-15) 2.0 sDrive18i Sport SUV AT,['https://img3.icarcdn.com/50509411/thumb-l_%E0%B8%A3%E0%B8%96%E0%B8%A1%E0%B8%B7%E0%B8%AD%E0%B8%AA%E0%B8%AD%E0%B8%87-one2car-bmw-x-x1-sdrive18i-sport-suv-thailand_000050509411_924dc9dc_f875_4f1e_8a70_02693107f2ef.jpeg.webp?smia=xTM'],   ขาย bmw x1 รถบ้าน มือเดียว ผู้หญิงขับ ใช้น้อย ไมล์ 108 k สภาพเดิมค่ะ ...,Brand,BMW,Person,One2Car,X1,SUV,Petrol - Unleaded (ULP),5,สีขาว,https://www.one2car.com/for-sale/bmw-x1-sdrive18i-sport-ภาคอีสาน-อำเภอเมืองขอนแก่น/11490505,https://www.one2car.com/%E0%B8%A3%E0%B8%96-%E0%B8%AA%E0%B8%B3%E0%B8%AB%E0%B8%A3%E0%B8%B1%E0%B8%9A-%E0%B8%82%E0%B8%B2%E0%B8%A2?page_number=1773&page_size=26#listing_11490505,Offer,570000,THB,https://schema.org/UsedCondition,https://schema.org/InStock,Person,Place,PostalAddress,ขอนแก่น,ภาคอีสาน,
Page1773,18,ListItem,19,Product,Car,2008 Honda Jazz 1.5 (ปี 08-14) S i-VTEC Hatchback,['https://img4.icarcdn.com/20883411/thumb-l_%E0%B8%A3%E0%B8%96%E0%B8%A1%E0%B8%B7%E0%B8%AD%E0%B8%AA%E0%B8%AD%E0%B8%87-one2car-honda-jazz-s-i-vtec-hatchback-thailand_000020883411_45703945_8b8d_47a0_9b88_5b25e7696e12.jpg.webp?smia=xTM'],"Honda jazz 1.5 i-vtec s ปี2008 สีขาว  ราคา 240,000 บาท  -รถเกียร์auto  ...",Brand,Honda,Person,One2Car,Jazz,Hatchback,Petrol - Leaded,5,สีขาว,https://www.one2car.com/for-sale/honda-jazz-s-i-vtec-ภาคกลาง-อำเภอเมืองลพบุรี/11438802,https://www.one2car.com/%E0%B8%A3%E0%B8%96-%E0%B8%AA%E0%B8%B3%E0%B8%AB%E0%B8%A3%E0%B8%B1%E0%B8%9A-%E0%B8%82%E0%B8%B2%E0%B8%A2?page_number=1773&page_size=26#listing_11438802,Offer,240000,THB,https://schema.org/UsedCondition,https://schema.org/InStock,Person,Place,PostalAddress,ลพบุรี,ภาคกลาง,https://www.one2car.com/dealer/dk-carcenter
Page1773,19,ListItem,20,Product,Car,2012 Toyota Yaris 1.5 (ปี 06-13) E Hatchback,['https://img1.icarcdn.com/51674411/thumb-l_%E0%B8%A3%E0%B8%96%E0%B8%A1%E0%B8%B7%E0%B8%AD%E0%B8%AA%E0%B8%AD%E0%B8%87-one2car-toyota-yaris-e-hatchback-thailand_000051674411_df8900ba_8d9c_4033_a37b_257589c6472e.jpg.webp?smia=xTM'],"Toyota yaris 1.5 e ปี2012 สีขาว  ราคา 220,000 บาท    -รถเกียร์ธรรมดา   ...",Brand,Toyota,Person,One2Car,Yaris,Hatchback,Petrol - Unleaded (ULP),5,สีขาว,https://www.one2car.com/for-sale/toyota-yaris-e-ภาคกลาง-อำเภอเมืองลพบุรี/11447615,https://www.one2car.com/%E0%B8%A3%E0%B8%96-%E0%B8%AA%E0%B8%B3%E0%B8%AB%E0%B8%A3%E0%B8%B1%E0%B8%9A-%E0%B8%82%E0%B8%B2%E0%B8%A2?page_number=1773&page_size=26#listing_11447615,Offer,220000,THB,https://schema.org/UsedCondition,https://schema.org/InStock,Person,Place,PostalAddress,ลพบุรี,ภาคกลาง,https://www.one2car.com/dealer/dk-carcenter
Page1773,20,ListItem,21,Product,Car,2010 Toyota VIOS 1.5 (ปี 07-13) 1.5 G Limited Sedan AT,['https://img5.icarcdn.com/56049911/thumb-l_%E0%B8%A3%E0%B8%96%E0%B8%A1%E0%B8%B7%E0%B8%AD%E0%B8%AA%E0%B8%AD%E0%B8%87-one2car-toyota-vios-g-limited-sedan-thailand_000056049911_f7d5a6af_f846_4a85_bc4a_ce95230473ad.jpeg.webp?smia=xTM'],Toyota vios รุ่น g limited (push start) ปี 2010 เกียร์ auto      ...,Brand,Toyota,Person,One2Car,VIOS,Sedan,Petrol - Unleaded (ULP),5,สีขาว,https://www.one2car.com/for-sale/toyota-vios-g-limited-กรุงเทพและปริมณฑล-ท่าพระ-วงเวียนใหญ่-พระราม2/11994065,https://www.one2car.com/%E0%B8%A3%E0%B8%96-%E0%B8%AA%E0%B8%B3%E0%B8%AB%E0%B8%A3%E0%B8%B1%E0%B8%9A-%E0%B8%82%E0%B8%B2%E0%B8%A2?page_number=1773&page_size=26#listing_11994065,Offer,235000,THB,https://schema.org/UsedCondition,https://schema.org/InStock,Person,Place,PostalAddress,กรุงเทพมหานคร,กรุงเทพและปริมณฑล,
Page1773,21,ListItem,22,Product,Car,2013 Mazda BT-50 PRO 2.2 DOUBLE CAB Hi-Racer PROSERIES Pickup,['https://img1.icarcdn.com/83738911/thumb-l_%E0%B8%A3%E0%B8%96%E0%B8%A1%E0%B8%B7%E0%B8%AD%E0%B8%AA%E0%B8%AD%E0%B8%87-one2car-mazda-bt-50-pro-hi-racer-proseries-pick_000083738911_4ecad729_7846_409e_94e0_e713a9efcc52.jpeg.webp?smia=xTM'],"""mazda bt-50 pro 4ประตู hi-racerยกสูง ปี2012(จดทะเบียนปี2013) ...",Brand,Mazda,Person,One2Car,BT-50 PRO,Pickup,Diesel,2,สีเทา,https://www.one2car.com/for-sale/mazda-bt-50-pro-hi-racer-proseries-ภาคกลาง-อำเภอเมืองสระบุรี/11983738,https://www.one2car.com/%E0%B8%A3%E0%B8%96-%E0%B8%AA%E0%B8%B3%E0%B8%AB%E0%B8%A3%E0%B8%B1%E0%B8%9A-%E0%B8%82%E0%B8%B2%E0%B8%A2?page_number=1773&page_size=26#listing_11983738,Offer,315000,THB,https://schema.org/UsedCondition,https://schema.org/InStock,Person,Place,PostalAddress,สระบุรี,ภาคกลาง,https://www.one2car.com/dealer/1f6129cb-3327-4c9d-8c71-55f773bf9084
Page1773,22,ListItem,23,Product,Car,2003 Toyota Landcruiser Prado TZ 3.4 4WD SUV AT,['https://img3.icarcdn.com/28668911/thumb-l_%E0%B8%A3%E0%B8%96%E0%B8%A1%E0%B8%B7%E0%B8%AD%E0%B8%AA%E0%B8%AD%E0%B8%87-one2car-toyota-landcruiser-prado-suv-thailand_000028668911_e216d2b9_e41b_4d58_9cbe_b07043d8e2cc.jpg.webp?smia=xTM'],สภาพยอดเยี่ยม เข้าศูนย์ตลอดใช้มือเดียวสภาพยอดเยี่ยม ,Brand,Toyota,Person,One2Car,Landcruiser Prado,Wagon,Petrol - Unleaded (ULP),5,สีขาว,https://www.one2car.com/for-sale/toyota-landcruiser-prado-tz-กรุงเทพและปริมณฑล-กาญจนาภิเษก/11986682,https://www.one2car.com/%E0%B8%A3%E0%B8%96-%E0%B8%AA%E0%B8%B3%E0%B8%AB%E0%B8%A3%E0%B8%B1%E0%B8%9A-%E0%B8%82%E0%B8%B2%E0%B8%A2?page_number=1773&page_size=26#listing_11986682,Offer,690000,THB,https://schema.org/UsedCondition,https://schema.org/InStock,Person,Place,PostalAddress,กรุงเทพมหานคร,กรุงเทพและปริมณฑล,
Page1773,23,ListItem,24,Product,Car,2005 Nissan Frontier 2.7 KING CAB TXP Pickup,['https://img3.icarcdn.com/22738911/thumb-l_%E0%B8%A3%E0%B8%96%E0%B8%A1%E0%B8%B7%E0%B8%AD%E0%B8%AA%E0%B8%AD%E0%B8%87-one2car-nissan-frontier-txp-pickup-thailand_000022738911_8a953e13_54fc_42c7_bf14_e6ecf6c40f03.jpeg.webp?smia=xTM'],"""nissan frontier แค๊ป ปี2005 เครื่องยนต์ดีเซล2700cc.เกียร์ธรรมดา""รถสวยสภาพดี ...",Brand,Nissan,Person,One2Car,Frontier,Pickup,Diesel,2,สีเทา,https://www.one2car.com/for-sale/nissan-frontier-txp-ภาคกลาง-อำเภอเมืองสระบุรี/11983722,https://www.one2car.com/%E0%B8%A3%E0%B8%96-%E0%B8%AA%E0%B8%B3%E0%B8%AB%E0%B8%A3%E0%B8%B1%E0%B8%9A-%E0%B8%82%E0%B8%B2%E0%B8%A2?page_number=1773&page_size=26#listing_11983722,Offer,128000,THB,https://schema.org/UsedCondition,https://schema.org/InStock,Person,Place,PostalAddress,สระบุรี,ภาคกลาง,https://www.one2car.com/dealer/1f6129cb-3327-4c9d-8c71-55f773bf9084
Page1773,24,ListItem,25,Product,Car,2007 Isuzu D-Max 2.5 CAB-4 (ปี 07-11) Hi-Lander Ddi i-TEQ Pickup,['https://img3.icarcdn.com/93587811/thumb-l_%E0%B8%A3%E0%B8%96%E0%B8%A1%E0%B8%B7%E0%B8%AD%E0%B8%AA%E0%B8%AD%E0%B8%87-one2car-isuzu-d-max-hi-lander-ddi-i-teq-pickup-_000093587811_c091e596_ece3_40e4_81b5_a7fb926bbb05.jpeg.webp?smia=xTM'],"""isuzu d-max 4ประตู hi-lander ปี2007 เครื่องยนต์ดีเซล2500cc.ddi i-teq ...",Brand,Isuzu,Person,One2Car,D-Max,Pickup,Diesel,5,สีฟ้า,https://www.one2car.com/for-sale/isuzu-d-max-hi-lander-ddi-i-teq-ภาคกลาง-อำเภอเมืองสระบุรี/11878539,https://www.one2car.com/%E0%B8%A3%E0%B8%96-%E0%B8%AA%E0%B8%B3%E0%B8%AB%E0%B8%A3%E0%B8%B1%E0%B8%9A-%E0%B8%82%E0%B8%B2%E0%B8%A2?page_number=1773&page_size=26#listing_11878539,Offer,278000,THB,https://schema.org/UsedCondition,https://schema.org/InStock,Person,Place,PostalAddress,สระบุรี,ภาคกลาง,https://www.one2car.com/dealer/1f6129cb-3327-4c9d-8c71-55f773bf9084
Page1773,25,ListItem,26,Product,Car,2013 Isuzu D-Max 2.5 SPACE CAB (ปี 11-17) Z Pickup,['https://img1.icarcdn.com/10736911/thumb-l_%E0%B8%A3%E0%B8%96%E0%B8%A1%E0%B8%B7%E0%B8%AD%E0%B8%AA%E0%B8%AD%E0%B8%87-one2car-isuzu-d-max-z-pickup-thailand_000010736911_8dc31ea1_2b8b_4351_907b_82baa2e336d6.jpeg.webp?smia=xTM'],"""all new isuzu d-max space cab z-ddi ปี2013 ...",Brand,Isuzu,Person,One2Car,D-Max,Pickup,Diesel,2,สีเทา,https://www.one2car.com/for-sale/isuzu-d-max-z-ภาคกลาง-อำเภอเมืองสระบุรี/11963701,https://www.one2car.com/%E0%B8%A3%E0%B8%96-%E0%B8%AA%E0%B8%B3%E0%B8%AB%E0%B8%A3%E0%B8%B1%E0%B8%9A-%E0%B8%82%E0%B8%B2%E0%B8%A2?page_number=1773&page_size=26#listing_11963701,Offer,365000,THB,https://schema.org/UsedCondition,https://schema.org/InStock,Person,Place,PostalAddress,สระบุรี,ภาคกลาง,https://www.one2car.com/dealer/1f6129cb-3327-4c9d-8c71-55f773bf9084
Page1774,0,ListItem,1,Product,Car,2018 BMW 520d 2.0 G30 (ปี 17-22) 2.0 Sport Sedan AT,['https://img5.icarcdn.com/73723411/thumb-l_%E0%B8%A3%E0%B8%96%E0%B8%A1%E0%B8%B7%E0%B8%AD%E0%B8%AA%E0%B8%AD%E0%B8%87-one2car-bmw-5-series-520d-sport-sedan-thailand_000073723411_e8e8233a_b9a3_4c82_8518_78144abffb2c.jpg.webp?smia=xTM'],รถบ้านขับมือเดียว   เลขไมล์ต่ำ   สภาพยอดเยี่ยม   ไม่มีการเกิดอุบัติเหตุ   ...,Brand,BMW,Person,One2Car,520d,Sedan,Diesel,5,สีดำ,https://www.one2car.com/for-sale/bmw-520d-sport-กรุงเทพและปริมณฑล-สุขุมวิท/11432737,https://www.one2car.com/%E0%B8%A3%E0%B8%96-%E0%B8%AA%E0%B8%B3%E0%B8%AB%E0%B8%A3%E0%B8%B1%E0%B8%9A-%E0%B8%82%E0%B8%B2%E0%B8%A2?page_number=1774&page_size=26#listing_11432737,Offer,1990000,THB,https://schema.org/UsedCondition,https://schema.org/InStock,Person,Place,PostalAddress,กรุงเทพมหานคร,กรุงเทพและปริมณฑล,
Page1774,1,ListItem,2,Product,Car,2009 Toyota Hilux Vigo 2.5 SMARTCAB (ปี 08-11) E Pickup,['https://img3.icarcdn.com/95112411/thumb-l_%E0%B8%A3%E0%B8%96%E0%B8%A1%E0%B8%B7%E0%B8%AD%E0%B8%AA%E0%B8%AD%E0%B8%87-one2car-toyota-hilux-vigo-e-pickup-thailand_000095112411_6471a23d_a394_4a6d_b645_791393bd3baf.jpeg.webp?smia=xTM'],"""toyota vigo smart cab e. เครื่องยนต์ดีเชล 2.5cc.เกียร์ธรรมดา ปี2009"" ...",Brand,Toyota,Person,One2Car,Hilux Vigo,Pickup,Diesel,2,สีเทา,https://www.one2car.com/for-sale/toyota-hilux-vigo-e-ภาคกลาง-อำเภอเมืองสระบุรี/11421159,https://www.one2car.com/%E0%B8%A3%E0%B8%96-%E0%B8%AA%E0%B8%B3%E0%B8%AB%E0%B8%A3%E0%B8%B1%E0%B8%9A-%E0%B8%82%E0%B8%B2%E0%B8%A2?page_number=1774&page_size=26#listing_11421159,Offer,268000,THB,https://schema.org/UsedCondition,https://schema.org/InStock,Person,Place,PostalAddress,สระบุรี,ภาคกลาง,https://www.one2car.com/dealer/1f6129cb-3327-4c9d-8c71-55f773bf9084
Page1774,2,ListItem,3,Product,Car,2016 Mazda 2 1.5 (ปี 15-22) 1.5 XD High Plus Sedan AT,['https://img3.icarcdn.com/88492911/thumb-l_%E0%B8%A3%E0%B8%96%E0%B8%A1%E0%B8%B7%E0%B8%AD%E0%B8%AA%E0%B8%AD%E0%B8%87-one2car-mazda-2-xd-high-plus-sedan-thailand_000088492911_94d9e4fe_a94d_4d9a_bcbe_cbe25b26f4d9.jpeg.webp?smia=xTM'],"เจ้าของขายเอง รถmazda2, 1.5 xd high plus รุ่นtopสุด เครื่องยนต์ดีเซล รถปี 2015  ...",Brand,Mazda,Person,One2Car,2,Sedan,Diesel,5,สีแดง,https://www.one2car.com/for-sale/mazda-2-xd-high-plus-กรุงเทพและปริมณฑล-อำเภอธัญบุรี/11929488,https://www.one2car.com/%E0%B8%A3%E0%B8%96-%E0%B8%AA%E0%B8%B3%E0%B8%AB%E0%B8%A3%E0%B8%B1%E0%B8%9A-%E0%B8%82%E0%B8%B2%E0%B8%A2?page_number=1774&page_size=26#listing_11929488,Offer,295000,THB,https://schema.org/UsedCondition,https://schema.org/InStock,Person,Place,PostalAddress,ปทุมธานี,กรุงเทพและปริมณฑล,
Page1774,3,ListItem,4,Product,Car,2020 Porsche 911 Turbo 3.7 992 3.7 S Coupe AT,['https://img1.icarcdn.com/90394111/thumb-l_%E0%B8%A3%E0%B8%96%E0%B8%A1%E0%B8%B7%E0%B8%AD%E0%B8%AA%E0%B8%AD%E0%B8%87-one2car-porsche-911-turbo-s-coupe-thailand_000090394111_ff39e57e_372d_4924_bc5d_893c0776f856.jpeg.webp?smia=xTM'],992turbo s (มีชุดแต่งสั่งนอกให้ครับท้ายรายการ)  1.ไมล์1xxxก.ม  ...,Brand,Porsche,Person,One2Car,911 Turbo,Coupe,Petrol - Unleaded (ULP),4,สีเทา,https://www.one2car.com/for-sale/porsche-911-turbo-s-กรุงเทพและปริมณฑล-สุขุมวิท/11149309,https://www.one2car.com/%E0%B8%A3%E0%B8%96-%E0%B8%AA%E0%B8%B3%E0%B8%AB%E0%B8%A3%E0%B8%B1%E0%B8%9A-%E0%B8%82%E0%B8%B2%E0%B8%A2?page_number=1774&page_size=26#listing_11149309,Offer,21300000,THB,https://schema.org/UsedCondition,https://schema.org/InStock,Person,Place,PostalAddress,กรุงเทพมหานคร,กรุงเทพและปริมณฑล,
Page1774,4,ListItem,5,Product,Car,2009 Honda Civic 1.8 FD (ปี 05-12) E i-VTEC Sedan,['https://img4.icarcdn.com/74027411/thumb-l_%E0%B8%A3%E0%B8%96%E0%B8%A1%E0%B8%B7%E0%B8%AD%E0%B8%AA%E0%B8%AD%E0%B8%87-one2car-honda-civic-e-i-vtec-sedan-thailand_000074027411_93574cf2_eb4f_46ac_9556_6e077eac9718.jpg.webp?smia=xTM'],"Honda civic 1.8 e i-vtec ปี2009 สีเทา  ราคา 269,000 บาท    -รถเกียร์auto  ...",Brand,Honda,Person,One2Car,Civic,Sedan,Petrol - Unleaded (ULP),5,สีเทา,https://www.one2car.com/for-sale/honda-civic-e-i-vtec-ภาคกลาง-อำเภอเมืองลพบุรี/11472047,https://www.one2car.com/%E0%B8%A3%E0%B8%96-%E0%B8%AA%E0%B8%B3%E0%B8%AB%E0%B8%A3%E0%B8%B1%E0%B8%9A-%E0%B8%82%E0%B8%B2%E0%B8%A2?page_number=1774&page_size=26#listing_11472047,Offer,269000,THB,https://schema.org/UsedCondition,https://schema.org/InStock,Person,Place,PostalAddress,ลพบุรี,ภาคกลาง,https://www.one2car.com/dealer/dk-carcenter
Page1774,5,ListItem,6,Product,Car,2008 Toyota Hilux Vigo 2.5 SMARTCAB (ปี 08-11) G Pickup,['https://img4.icarcdn.com/10536811/thumb-l_%E0%B8%A3%E0%B8%96%E0%B8%A1%E0%B8%B7%E0%B8%AD%E0%B8%AA%E0%B8%AD%E0%B8%87-one2car-toyota-hilux-vigo-g-pickup-thailand_000010536811_302f0f7d_0ee2_47e0_9c42_d18e9937a5fc.jpeg.webp?smia=xTM'],"""toyota vigo cab g.ท๊อปสุด ปี2008 ...",Brand,Toyota,Person,One2Car,Hilux Vigo,Pickup,Diesel,2,สีเทา,https://www.one2car.com/for-sale/toyota-hilux-vigo-g-ภาคกลาง-อำเภอเมืองสระบุรี/11863501,https://www.one2car.com/%E0%B8%A3%E0%B8%96-%E0%B8%AA%E0%B8%B3%E0%B8%AB%E0%B8%A3%E0%B8%B1%E0%B8%9A-%E0%B8%82%E0%B8%B2%E0%B8%A2?page_number=1774&page_size=26#listing_11863501,Offer,258000,THB,https://schema.org/UsedCondition,https://schema.org/InStock,Person,Place,PostalAddress,สระบุรี,ภาคกลาง,https://www.one2car.com/dealer/1f6129cb-3327-4c9d-8c71-55f773bf9084
Page1774,6,ListItem,7,Product,Car,2017 Toyota Yaris 1.2 (ปี 13-17) G Hatchback,['https://img5.icarcdn.com/32116811/thumb-l_%E0%B8%A3%E0%B8%96%E0%B8%A1%E0%B8%B7%E0%B8%AD%E0%B8%AA%E0%B8%AD%E0%B8%87-one2car-toyota-yaris-g-hatchback-thailand_000032116811_04b8ac9e_cd02_4e9a_9d2d_07a59caba4ff.jpeg.webp?smia=xTM'],Toyota new yaris 2017 ตัวg. เครื่องยนต์เบนซิน1200cc. 5.ประตู เกียร์ออโต้ ...,Brand,Toyota,Person,One2Car,Yaris,Hatchback,Petrol - Unleaded (ULP),5,สีเหลือง,https://www.one2car.com/for-sale/toyota-yaris-g-ภาคกลาง-อำเภอเมืองสระบุรี/11861123,https://www.one2car.com/%E0%B8%A3%E0%B8%96-%E0%B8%AA%E0%B8%B3%E0%B8%AB%E0%B8%A3%E0%B8%B1%E0%B8%9A-%E0%B8%82%E0%B8%B2%E0%B8%A2?page_number=1774&page_size=26#listing_11861123,Offer,355000,THB,https://schema.org/UsedCondition,https://schema.org/InStock,Person,Place,PostalAddress,สระบุรี,ภาคกลาง,https://www.one2car.com/dealer/1f6129cb-3327-4c9d-8c71-55f773bf9084
Page1774,7,ListItem,8,Product,Car,2011 Toyota Fortuner 3.0 (ปี 12-15) 3.0 V SUV AT,['https://img3.icarcdn.com/25912311/thumb-l_%E0%B8%A3%E0%B8%96%E0%B8%A1%E0%B8%B7%E0%B8%AD%E0%B8%AA%E0%B8%AD%E0%B8%87-one2car-toyota-fortuner-v-suv-thailand_000025912311_9e3b7fd8_c21b_4982_9666_9afded5d2ea3.jpg.webp?smia=xTM'],สภาพยอดเยี่ยม   เบาะหนัง​ ปูพื้นเรียบน้อย​ โช๊คอัพหน้าควีนซีรี่หลังพิกกีี้แบ๊ค ...,Brand,Toyota,Person,One2Car,Fortuner,SUV,Diesel,5,สีเงิน,https://www.one2car.com/for-sale/toyota-fortuner-v-กรุงเทพและปริมณฑล-บางนา-กิ่งแก้ว-ลาดกระบัง/11321952,https://www.one2car.com/%E0%B8%A3%E0%B8%96-%E0%B8%AA%E0%B8%B3%E0%B8%AB%E0%B8%A3%E0%B8%B1%E0%B8%9A-%E0%B8%82%E0%B8%B2%E0%B8%A2?page_number=1774&page_size=26#listing_11321952,Offer,520000,THB,https://schema.org/UsedCondition,https://schema.org/InStock,Person,Place,PostalAddress,กรุงเทพมหานคร,กรุงเทพและปริมณฑล,
Page1774,8,ListItem,9,Product,Car,2014 Toyota Corolla Altis 1.8 (ปี 14-18) G Sedan,['https://img1.icarcdn.com/67687311/thumb-l_%E0%B8%A3%E0%B8%96%E0%B8%A1%E0%B8%B7%E0%B8%AD%E0%B8%AA%E0%B8%AD%E0%B8%87-one2car-toyota-corolla-altis-g-sedan-thailand_000067687311_2eddaad6_9c0a_4bf6_989b_f9622ad42958.jpg.webp?smia=xTM'],"Toyota corolla altis 1.8 g สีเทา ปี 2014 ราคา 399,000 บาท เครื่องยนต์ เบนซิน 4 ...",Brand,Toyota,Person,One2Car,Corolla Altis,Sedan,Petrol - Unleaded (ULP),5,สีเทา,https://www.one2car.com/for-sale/toyota-corolla-altis-g-ภาคกลาง-อำเภอเมืองลพบุรี/11378676,https://www.one2car.com/%E0%B8%A3%E0%B8%96-%E0%B8%AA%E0%B8%B3%E0%B8%AB%E0%B8%A3%E0%B8%B1%E0%B8%9A-%E0%B8%82%E0%B8%B2%E0%B8%A2?page_number=1774&page_size=26#listing_11378676,Offer,399000,THB,https://schema.org/UsedCondition,https://schema.org/InStock,Person,Place,PostalAddress,ลพบุรี,ภาคกลาง,https://www.one2car.com/dealer/dk-carcenter
Page1774,9,ListItem,10,Product,Car,2008 Toyota Hilux Vigo 2.5 EXTRACAB (ปี 04-08) G Pickup MT,['https://img1.icarcdn.com/94374111/thumb-l_%E0%B8%A3%E0%B8%96%E0%B8%A1%E0%B8%B7%E0%B8%AD%E0%B8%AA%E0%B8%AD%E0%B8%87-one2car-toyota-hilux-vigo-e-pickup-thailand_000094374111_2f3620f6_db5f_4d14_881d_40bc1c927e2d.jpg.webp?smia=xTM'],Toyota hilux vigo 2.5 g extracab ปี 2008 รถสวย สภาพเดิมๆ ตะเข็บเดิม เครื่องดี ...,Brand,Toyota,Person,One2Car,Hilux Vigo,Pickup,Diesel,5,สีทอง,https://www.one2car.com/for-sale/toyota-hilux-vigo-g-ภาคกลาง-อำเภอเมืองสระบุรี/11147349,https://www.one2car.com/%E0%B8%A3%E0%B8%96-%E0%B8%AA%E0%B8%B3%E0%B8%AB%E0%B8%A3%E0%B8%B1%E0%B8%9A-%E0%B8%82%E0%B8%B2%E0%B8%A2?page_number=1774&page_size=26#listing_11147349,Offer,268000,THB,https://schema.org/UsedCondition,https://schema.org/InStock,Person,Place,PostalAddress,สระบุรี,ภาคกลาง,https://www.one2car.com/dealer/1f6129cb-3327-4c9d-8c71-55f773bf9084
Page1774,10,ListItem,11,Product,Car,2017 Toyota Yaris 1.2 (ปี 13-17) G Hatchback,['https://img3.icarcdn.com/81465311/thumb-l_%E0%B8%A3%E0%B8%96%E0%B8%A1%E0%B8%B7%E0%B8%AD%E0%B8%AA%E0%B8%AD%E0%B8%87-one2car-toyota-yaris-g-hatchback-thailand_000081465311_03ba52cf_e825_4e0a_8d52_78e4f6526016.jpg.webp?smia=xTM'],"Toyota yaris 1.2 g สีเทา ปี 2017    ราคาขาย 389,000 บาท   - เครื่องยนต์ 1.2  - ...",Brand,Toyota,Person,One2Car,Yaris,Hatchback,Petrol - Unleaded (ULP),5,สีเทา,https://www.one2car.com/for-sale/toyota-yaris-g-ภาคกลาง-อำเภอเมืองลพบุรี/11356418,https://www.one2car.com/%E0%B8%A3%E0%B8%96-%E0%B8%AA%E0%B8%B3%E0%B8%AB%E0%B8%A3%E0%B8%B1%E0%B8%9A-%E0%B8%82%E0%B8%B2%E0%B8%A2?page_number=1774&page_size=26#listing_11356418,Offer,389000,THB,https://schema.org/UsedCondition,https://schema.org/InStock,Person,Place,PostalAddress,ลพบุรี,ภาคกลาง,https://www.one2car.com/dealer/dk-carcenter
Page1774,11,ListItem,12,Product,Car,2015 Mitsubishi Mirage 1.2 (ปี 12-18) GLX Hatchback,['https://img5.icarcdn.com/36538211/thumb-l_%E0%B8%A3%E0%B8%96%E0%B8%A1%E0%B8%B7%E0%B8%AD%E0%B8%AA%E0%B8%AD%E0%B8%87-one2car-mitsubishi-attrage-glx-sedan-thailand_000036538211_2b5929e6_5c9d_48c4_89f4_7117507bd381.jpeg.webp?smia=xTM'],15 มิราจ 1.2 glx at สภาพสวย เล็กกะทัดรัด ประหยัดน้ำมัน 5ประตู ไฟฟ้า เซนทรัลล้อก ...,Brand,Mitsubishi,Person,One2Car,Mirage,Hatchback,Petrol - Unleaded (ULP),5,สีเทา,https://www.one2car.com/for-sale/mitsubishi-mirage-glx-ภาคกลาง-อำเภอเมืองสระบุรี/11283563,https://www.one2car.com/%E0%B8%A3%E0%B8%96-%E0%B8%AA%E0%B8%B3%E0%B8%AB%E0%B8%A3%E0%B8%B1%E0%B8%9A-%E0%B8%82%E0%B8%B2%E0%B8%A2?page_number=1774&page_size=26#listing_11283563,Offer,215000,THB,https://schema.org/UsedCondition,https://schema.org/InStock,Person,Place,PostalAddress,สระบุรี,ภาคกลาง,https://www.one2car.com/dealer/1f6129cb-3327-4c9d-8c71-55f773bf9084
Page1774,12,ListItem,13,Product,Car,2014 Honda City 1.5 (ปี 14-18) V i-VTEC Sedan AT,['https://img4.icarcdn.com/08562211/thumb-l_%E0%B8%A3%E0%B8%96%E0%B8%A1%E0%B8%B7%E0%B8%AD%E0%B8%AA%E0%B8%AD%E0%B8%87-one2car-honda-city-v-sedan-thailand_000008562211_f5fd1b1e_e81c_4247_af1c_11c97ac999f6.jpeg.webp?smia=xTM'],14 honda city 1.5 v i-vtec at top ปุ๋มสตาจร์ รถสวย สภาพเดิมๆ ไฟแนนช์จัดเต็ม ...,Brand,Honda,Person,One2Car,City,Sedan,Petrol - Unleaded (ULP),5,สีขาว,https://www.one2car.com/for-sale/honda-city-v-i-vtec-ภาคกลาง-อำเภอเมืองสระบุรี/11226580,https://www.one2car.com/%E0%B8%A3%E0%B8%96-%E0%B8%AA%E0%B8%B3%E0%B8%AB%E0%B8%A3%E0%B8%B1%E0%B8%9A-%E0%B8%82%E0%B8%B2%E0%B8%A2?page_number=1774&page_size=26#listing_11226580,Offer,368000,THB,https://schema.org/UsedCondition,https://schema.org/InStock,Person,Place,PostalAddress,สระบุรี,ภาคกลาง,https://www.one2car.com/dealer/1f6129cb-3327-4c9d-8c71-55f773bf9084
Page1774,13,ListItem,14,Product,Car,2008 Toyota Hilux Vigo 2.5 EXTRACAB (ปี 04-08) G Pickup,['https://img1.icarcdn.com/22374111/thumb-l_%E0%B8%A3%E0%B8%96%E0%B8%A1%E0%B8%B7%E0%B8%AD%E0%B8%AA%E0%B8%AD%E0%B8%87-one2car-toyota-hilux-vigo-g-pickup-thailand_000022374111_741e0522_7293_4f23_af0f_7a88637951f0.jpg.webp?smia=xTM'],Toyota hilux vigo 2.5g smartcab ปี 2008 รถสวย สภาพเดิมๆ ตะเข็บเดิม เครื่องดี ...,Brand,Toyota,Person,One2Car,Hilux Vigo,Pickup,Diesel,5,สีทอง,https://www.one2car.com/for-sale/toyota-hilux-vigo-g-ภาคกลาง-อำเภอเมืองสระบุรี/11147322,https://www.one2car.com/%E0%B8%A3%E0%B8%96-%E0%B8%AA%E0%B8%B3%E0%B8%AB%E0%B8%A3%E0%B8%B1%E0%B8%9A-%E0%B8%82%E0%B8%B2%E0%B8%A2?page_number=1774&page_size=26#listing_11147322,Offer,279000,THB,https://schema.org/UsedCondition,https://schema.org/InStock,Person,Place,PostalAddress,สระบุรี,ภาคกลาง,https://www.one2car.com/dealer/1f6129cb-3327-4c9d-8c71-55f773bf9084
Page1774,14,ListItem,15,Product,Car,2017 Toyota Hilux Revo 2.4 SINGLE J Pickup,['https://img3.icarcdn.com/26274111/thumb-l_%E0%B8%A3%E0%B8%96%E0%B8%A1%E0%B8%B7%E0%B8%AD%E0%B8%AA%E0%B8%AD%E0%B8%87-one2car-toyota-hilux-revo-j-pickup-thailand_000026274111_8c31a017_2454_4867_8c41_a28ec520eb2b.jpg.webp?smia=xTM'],Toyota hilux revo 2.4 single j pickup ปี 2017 รถสวย สภาพเดิม ๆ ตะเข็บเดิม ...,Brand,Toyota,Person,One2Car,Hilux Revo,Pickup,Diesel,2,สีขาว,https://www.one2car.com/for-sale/toyota-hilux-revo-j-ภาคกลาง-อำเภอเมืองสระบุรี/11147262,https://www.one2car.com/%E0%B8%A3%E0%B8%96-%E0%B8%AA%E0%B8%B3%E0%B8%AB%E0%B8%A3%E0%B8%B1%E0%B8%9A-%E0%B8%82%E0%B8%B2%E0%B8%A2?page_number=1774&page_size=26#listing_11147262,Offer,338000,THB,https://schema.org/UsedCondition,https://schema.org/InStock,Person,Place,PostalAddress,สระบุรี,ภาคกลาง,https://www.one2car.com/dealer/1f6129cb-3327-4c9d-8c71-55f773bf9084
Page1774,15,ListItem,16,Product,Car,2010 Honda City 1.5 (ปี 08-14) S i-VTEC Sedan,['https://img2.icarcdn.com/20964111/thumb-l_%E0%B8%A3%E0%B8%96%E0%B8%A1%E0%B8%B7%E0%B8%AD%E0%B8%AA%E0%B8%AD%E0%B8%87-one2car-honda-city-s-i-vtec-sedan-thailand_000020964111_603656bd_732f_43d6_b1b7_2d2943cdd03b.jpg.webp?smia=xTM'],Honda city 1.5s i-vtec sedan ปี 2010 เกียร์ธรรมดา รถสวย สภาพเดิม ๆ ตะเข็บเดิม ...,Brand,Honda,Person,One2Car,City,Sedan,Petrol - Unleaded (ULP),5,สีเทา,https://www.one2car.com/for-sale/honda-city-s-i-vtec-ภาคกลาง-อำเภอเมืองสระบุรี/11146902,https://www.one2car.com/%E0%B8%A3%E0%B8%96-%E0%B8%AA%E0%B8%B3%E0%B8%AB%E0%B8%A3%E0%B8%B1%E0%B8%9A-%E0%B8%82%E0%B8%B2%E0%B8%A2?page_number=1774&page_size=26#listing_11146902,Offer,208000,THB,https://schema.org/UsedCondition,https://schema.org/InStock,Person,Place,PostalAddress,สระบุรี,ภาคกลาง,https://www.one2car.com/dealer/1f6129cb-3327-4c9d-8c71-55f773bf9084
Page1774,16,ListItem,17,Product,Car,2015 Nissan Almera 1.2 (ปี 11-19) E Sedan,['https://img4.icarcdn.com/86883111/thumb-l_%E0%B8%A3%E0%B8%96%E0%B8%A1%E0%B8%B7%E0%B8%AD%E0%B8%AA%E0%B8%AD%E0%B8%87-one2car-nissan-almera-e-sedan-thailand_000086883111_d302eef8_dcf7_4f95_9ce3_aec8d5fc07f8.jpg.webp?smia=xTM'],"Nissan almera 1.2 e ปี15 เกียร์ออโต้ ไมล์แท้ 89,050 ...",Brand,Nissan,Person,One2Car,Almera,Sedan,Petrol - Unleaded (ULP),5,สีดำ,https://www.one2car.com/for-sale/nissan-almera-e-ภาคกลาง-อำเภอเมืองสระบุรี/11138868,https://www.one2car.com/%E0%B8%A3%E0%B8%96-%E0%B8%AA%E0%B8%B3%E0%B8%AB%E0%B8%A3%E0%B8%B1%E0%B8%9A-%E0%B8%82%E0%B8%B2%E0%B8%A2?page_number=1774&page_size=26#listing_11138868,Offer,248000,THB,https://schema.org/UsedCondition,https://schema.org/InStock,Person,Place,PostalAddress,สระบุรี,ภาคกลาง,https://www.one2car.com/dealer/1f6129cb-3327-4c9d-8c71-55f773bf9084
Page1774,17,ListItem,18,Product,Car,2007 Toyota Corolla Altis 1.6 หน้าหมู (ปี 01-07) E Sedan,['https://img5.icarcdn.com/30437011/thumb-l_%E0%B8%A3%E0%B8%96%E0%B8%A1%E0%B8%B7%E0%B8%AD%E0%B8%AA%E0%B8%AD%E0%B8%87-one2car-toyota-corolla-altis-e-sedan-thailand_000030437011_d6907209_7fca_427b_89ec_cd5eeab9f634.jpg.webp?smia=xTM'],Toyota corolla altis 1.6e sedan ปี 2006 จด 2007 เกียร์ออโต้ เบนซิน ...,Brand,Toyota,Person,One2Car,Corolla Altis,Sedan,Petrol - Unleaded (ULP),5,สีทอง,https://www.one2car.com/for-sale/toyota-corolla-altis-e-ภาคกลาง-อำเภอเมืองสระบุรี/11073403,https://www.one2car.com/%E0%B8%A3%E0%B8%96-%E0%B8%AA%E0%B8%B3%E0%B8%AB%E0%B8%A3%E0%B8%B1%E0%B8%9A-%E0%B8%82%E0%B8%B2%E0%B8%A2?page_number=1774&page_size=26#listing_11073403,Offer,145000,THB,https://schema.org/UsedCondition,https://schema.org/InStock,Person,Place,PostalAddress,สระบุรี,ภาคกลาง,https://www.one2car.com/dealer/1f6129cb-3327-4c9d-8c71-55f773bf9084
Page1774,18,ListItem,19,Product,Car,2008 Mitsubishi Triton 2.5 MEGA CAB (ปี 05-15) GL Pickup MT,['https://img1.icarcdn.com/21504811/thumb-l_%E0%B8%A3%E0%B8%96%E0%B8%A1%E0%B8%B7%E0%B8%AD%E0%B8%AA%E0%B8%AD%E0%B8%87-one2car-mitsubishi-triton-gl-pickup-thailand_000021504811_aa075d1f_7bd2_4388_8823_d0019fe82e9f.jpeg.webp?smia=xTM'],"""mitsubishi triton แค๊ปgl. ปี2008 เครื่องยนต์ดีเซล2500cc.di-d common rail ...",Brand,Mitsubishi,Person,One2Car,Triton,Pickup,Diesel,2,สีเทา,https://www.one2car.com/for-sale/mitsubishi-triton-gl-ภาคกลาง-อำเภอเมืองสระบุรี/11840512,https://www.one2car.com/%E0%B8%A3%E0%B8%96-%E0%B8%AA%E0%B8%B3%E0%B8%AB%E0%B8%A3%E0%B8%B1%E0%B8%9A-%E0%B8%82%E0%B8%B2%E0%B8%A2?page_number=1774&page_size=26#listing_11840512,Offer,175000,THB,https://schema.org/UsedCondition,https://schema.org/InStock,Person,Place,PostalAddress,สระบุรี,ภาคกลาง,https://www.one2car.com/dealer/1f6129cb-3327-4c9d-8c71-55f773bf9084
Page1774,19,ListItem,20,Product,Car,2013 Honda Jazz 1.5 (ปี 08-14) 1.5 V i-VTEC Hatchback AT,['https://img1.icarcdn.com/05987211/thumb-l_%E0%B8%A3%E0%B8%96%E0%B8%A1%E0%B8%B7%E0%B8%AD%E0%B8%AA%E0%B8%AD%E0%B8%87-one2car-honda-jazz-v-i-vtec-hatchback-thailand_000005987211_0f5153a3_b91d_4ee0_9515_32b3284a7ecb.jpg.webp?smia=xTM'],รถบ้านเจ้าของขายเอง วิ่งน้อย 165 xxx    ประกันชั้น 1 ไม่มีอุบัติเหต ...,Brand,Honda,Person,One2Car,Jazz,Hatchback,Petrol - Leaded,5,สีขาว,https://www.one2car.com/for-sale/honda-jazz-v-i-vtec-กรุงเทพและปริมณฑล-มีนบุรี/11278950,https://www.one2car.com/%E0%B8%A3%E0%B8%96-%E0%B8%AA%E0%B8%B3%E0%B8%AB%E0%B8%A3%E0%B8%B1%E0%B8%9A-%E0%B8%82%E0%B8%B2%E0%B8%A2?page_number=1774&page_size=26#listing_11278950,Offer,339000,THB,https://schema.org/UsedCondition,https://schema.org/InStock,Person,Place,PostalAddress,กรุงเทพมหานคร,กรุงเทพและปริมณฑล,
Page1774,20,ListItem,21,Product,Car,2017 Toyota Camry 2.5 (ปี 12-18) 2.5 ESPORT Sedan AT,['https://img4.icarcdn.com/55116211/thumb-l_%E0%B8%A3%E0%B8%96%E0%B8%A1%E0%B8%B7%E0%B8%AD%E0%B8%AA%E0%B8%AD%E0%B8%87-one2car-toyota-camry-esport-sedan-thailand_000055116211_c45c1958_e70a_4ec8_a85b_58f2761b2491.jpg.webp?smia=xTM'],สภาพยอดเยี่ยม เลขไมล์ต่ำ ไม่มีการเกิดอุบัติเหตุ ,Brand,Toyota,Person,One2Car,Camry,Sedan,Petrol - Unleaded (ULP),5,สีดำ,https://www.one2car.com/for-sale/toyota-camry-esport-กรุงเทพและปริมณฑล-ท่าพระ-วงเวียนใหญ่-พระราม2/11261155,https://www.one2car.com/%E0%B8%A3%E0%B8%96-%E0%B8%AA%E0%B8%B3%E0%B8%AB%E0%B8%A3%E0%B8%B1%E0%B8%9A-%E0%B8%82%E0%B8%B2%E0%B8%A2?page_number=1774&page_size=26#listing_11261155,Offer,755000,THB,https://schema.org/UsedCondition,https://schema.org/InStock,Person,Place,PostalAddress,กรุงเทพมหานคร,กรุงเทพและปริมณฑล,
Page1774,21,ListItem,22,Product,Car,2017 Isuzu D-Max 1.9 SPARK (ปี 11-17) B Pickup,['https://img5.icarcdn.com/42086511/thumb-l_%E0%B8%A3%E0%B8%96%E0%B8%A1%E0%B8%B7%E0%B8%AD%E0%B8%AA%E0%B8%AD%E0%B8%87-one2car-isuzu-d-max-b-pickup-thailand_000042086511_809bd8c1_4a11_4e7c_8bf9_544a82677067.jpeg.webp?smia=xTM'],"Isuzu d-max 1.9 spark b   ปี : 2017  เกียร์ : ธรรมดา  เครื่องยนต์ : 1,900 cc  💸 ...",Brand,Isuzu,Person,One2Car,D-Max,Pickup,Diesel,2,สีขาว,https://www.one2car.com/for-sale/isuzu-d-max-b-ภาคตะวันออก-อำเภอเมืองระยอง/11568024,https://www.one2car.com/%E0%B8%A3%E0%B8%96-%E0%B8%AA%E0%B8%B3%E0%B8%AB%E0%B8%A3%E0%B8%B1%E0%B8%9A-%E0%B8%82%E0%B8%B2%E0%B8%A2?page_number=1774&page_size=26#listing_11568024,Offer,345000,THB,https://schema.org/UsedCondition,https://schema.org/InStock,Person,Place,PostalAddress,ระยอง,ภาคตะวันออก,https://www.one2car.com/dealer/JJNCAR
Page1774,22,ListItem,23,Product,Car,2022 Mitsubishi Mirage 1.2 (ปี 19-23) Active Hatchback,['https://img4.icarcdn.com/90923511/thumb-l_%E0%B8%A3%E0%B8%96%E0%B8%A1%E0%B8%B7%E0%B8%AD%E0%B8%AA%E0%B8%AD%E0%B8%87-one2car-mitsubishi-mirage-active-hatchback-thai_000090923511_d09e4b79_6f0d_41a2_ab88_7f1e5070b748.jpeg.webp?smia=xTM'],"Mitsubishi mirage   1.2 active cvt  ปี : 2022  เครื่อง : 1,200 cc  เกียร์ : ...",Brand,Mitsubishi,Person,One2Car,Mirage,Hatchback,Petrol - Unleaded (ULP),5,สีเงิน,https://www.one2car.com/for-sale/mitsubishi-mirage-active-ภาคตะวันออก-อำเภอเมืองระยอง/11532909,https://www.one2car.com/%E0%B8%A3%E0%B8%96-%E0%B8%AA%E0%B8%B3%E0%B8%AB%E0%B8%A3%E0%B8%B1%E0%B8%9A-%E0%B8%82%E0%B8%B2%E0%B8%A2?page_number=1774&page_size=26#listing_11532909,Offer,395000,THB,https://schema.org/UsedCondition,https://schema.org/InStock,Person,Place,PostalAddress,ระยอง,ภาคตะวันออก,https://www.one2car.com/dealer/JJNCAR
Page1774,23,ListItem,24,Product,Car,2020 Ford Everest 2.0 (ปี 15-22) 2.0 Titanium+ SUV AT,['https://img1.icarcdn.com/61812211/thumb-l_%E0%B8%A3%E0%B8%96%E0%B8%A1%E0%B8%B7%E0%B8%AD%E0%B8%AA%E0%B8%AD%E0%B8%87-one2car-ford-everest-titanium-suv-thailand_000061812211_51c9d90d_28a7_492b_bee2_a438b212cdfc.jpg.webp?smia=xTM'], new ford everest 2.0 titanium+ 2wd สำหรับคันนี้เป็น model minorchange ...,Brand,Ford,Person,One2Car,Everest,SUV,Diesel,7,สีเทา,https://www.one2car.com/for-sale/ford-everest-titanium-plus-กรุงเทพและปริมณฑล-อำเภอลำลูกกา/11221816,https://www.one2car.com/%E0%B8%A3%E0%B8%96-%E0%B8%AA%E0%B8%B3%E0%B8%AB%E0%B8%A3%E0%B8%B1%E0%B8%9A-%E0%B8%82%E0%B8%B2%E0%B8%A2?page_number=1774&page_size=26#listing_11221816,Offer,1049000,THB,https://schema.org/UsedCondition,https://schema.org/InStock,Person,Place,PostalAddress,ปทุมธานี,กรุงเทพและปริมณฑล,
Page1774,24,ListItem,25,Product,Car,2012 Toyota Fortuner 3.0 (ปี 12-15) V AT,['https://img4.icarcdn.com/14654711/thumb-l_%E0%B8%A3%E0%B8%96%E0%B8%A1%E0%B8%B7%E0%B8%AD%E0%B8%AA%E0%B8%AD%E0%B8%87-one2car-toyota-fortuner-v-suv-thailand_000014654711_bde51e96_0053_4c21_bf79_4bcf172b5bea.jpeg.webp?smia=xTM'],"""toyota fortuner 3.0 v.ปี2012 เครื่องยนต์ดีเซล3000cc.d-4d vn-turbo ...",Brand,Toyota,Person,One2Car,Fortuner,SUV,Diesel,7,สีขาว,https://www.one2car.com/for-sale/toyota-fortuner-v-ภาคกลาง-อำเภอเมืองสระบุรี/11745641,https://www.one2car.com/%E0%B8%A3%E0%B8%96-%E0%B8%AA%E0%B8%B3%E0%B8%AB%E0%B8%A3%E0%B8%B1%E0%B8%9A-%E0%B8%82%E0%B8%B2%E0%B8%A2?page_number=1774&page_size=26#listing_11745641,Offer,619000,THB,https://schema.org/UsedCondition,https://schema.org/InStock,Person,Place,PostalAddress,สระบุรี,ภาคกลาง,https://www.one2car.com/dealer/1f6129cb-3327-4c9d-8c71-55f773bf9084
Page1774,25,ListItem,26,Product,Car,2013 Mitsubishi Mirage 1.2 (ปี 12-18) GLX Hatchback,['https://img3.icarcdn.com/40916311/thumb-l_%E0%B8%A3%E0%B8%96%E0%B8%A1%E0%B8%B7%E0%B8%AD%E0%B8%AA%E0%B8%AD%E0%B8%87-one2car-mitsubishi-mirage-glx-hatchback-thailan_000040916311_506bbb44_d95a_4b69_ab09_8ec5d35491fe.jpg.webp?smia=xTM'],"Mitsubishi mirage 1.2 glx สีเทา ปี2013    ราคาขาย 199,000 บาท ผ่อน 4,xxx/เดือน  ...",Brand,Mitsubishi,Person,One2Car,Mirage,Hatchback,Petrol - Unleaded (ULP),5,สีเทา,https://www.one2car.com/for-sale/mitsubishi-mirage-glx-ภาคกลาง-อำเภอเมืองลพบุรี/11361904,https://www.one2car.com/%E0%B8%A3%E0%B8%96-%E0%B8%AA%E0%B8%B3%E0%B8%AB%E0%B8%A3%E0%B8%B1%E0%B8%9A-%E0%B8%82%E0%B8%B2%E0%B8%A2?page_number=1774&page_size=26#listing_11361904,Offer,199000,THB,https://schema.org/UsedCondition,https://schema.org/InStock,Person,Place,PostalAddress,ลพบุรี,ภาคกลาง,https://www.one2car.com/dealer/dk-carcenter
